hour,temperature,water
1,5,19.6
1,6,20.3
1,7,19.25
1,8,19.95
1,9,20.3
1,10,17.5
1,11,17.85
1,12,18.2
1,13,20.3
1,14,21
1,15,19.25
1,16,19.25
1,17,18.9
1,18,19.95
1,19,18.9
1,20,18.9
1,21,21.35
1,22,21
1,23,19.95
1,24,22.4
1,25,23.1
1,26,22.75
1,27,23.1
1,28,26.6
1,29,25.9
1,30,26.25
1,31,25.55
1,32,29.05
1,33,30.1
1,34,29.4
1,35,30.8
1,36,29.4
1,37,30.1
1,38,31.15
1,39,32.55
1,40,31.15
1,5,20.65
1,6,17.5
1,7,20.65
1,8,19.95
1,9,19.6
1,10,19.95
1,11,19.95
1,12,18.55
1,13,19.25
1,14,19.95
1,15,19.25
1,16,19.95
1,17,18.9
1,18,18.55
1,19,17.5
1,20,20.3
1,21,20.3
1,22,22.4
1,23,20.3
1,24,23.45
1,25,21.7
1,26,24.85
1,27,22.4
1,28,23.8
1,29,25.2
1,30,25.2
1,31,26.95
1,32,26.25
1,33,28
1,34,30.45
1,35,29.75
1,36,31.15
1,37,30.8
1,38,30.8
1,39,30.45
1,40,31.15
1,5,17.85
1,6,20.65
1,7,19.6
1,8,18.2
1,9,19.6
1,10,20.3
1,11,17.85
1,12,17.85
1,13,18.9
1,14,18.2
1,15,21
1,16,18.9
1,17,19.95
1,18,19.25
1,19,19.25
1,20,19.95
1,21,19.25
1,22,19.95
1,23,22.75
1,24,23.45
1,25,22.75
1,26,25.2
1,27,25.9
1,28,25.9
1,29,27.3
1,30,27.65
1,31,26.6
1,32,29.05
1,33,27.65
1,34,28.35
1,35,31.5
1,36,31.15
1,37,30.8
1,38,30.1
1,39,32.2
1,40,31.15
1,5,20.3
1,6,18.2
1,7,18.9
1,8,19.6
1,9,18.9
1,10,19.95
1,11,19.6
1,12,20.65
1,13,18.9
1,14,19.25
1,15,19.25
1,16,17.5
1,17,21
1,18,17.5
1,19,20.65
1,20,20.3
1,21,19.25
1,22,22.4
1,23,20.65
1,24,21
1,25,22.75
1,26,22.05
1,27,23.8
1,28,24.5
1,29,27.3
1,30,26.25
1,31,25.9
1,32,28.7
1,33,28
1,34,30.1
1,35,29.75
1,36,31.5
1,37,29.4
1,38,31.5
1,39,30.45
1,40,32.55
1,5,20.3
1,6,18.9
1,7,17.85
1,8,21
1,9,21
1,10,19.6
1,11,18.2
1,12,18.9
1,13,18.2
1,14,19.25
1,15,20.65
1,16,18.55
1,17,19.25
1,18,18.2
1,19,21
1,20,19.95
1,21,18.9
1,22,19.95
1,23,22.4
1,24,21
1,25,24.5
1,26,22.75
1,27,23.8
1,28,25.2
1,29,25.2
1,30,26.6
1,31,28.7
1,32,27.3
1,33,26.6
1,34,30.1
1,35,29.05
1,36,29.05
1,37,30.1
1,38,31.5
1,39,31.5
1,40,32.2
1,5,21
1,6,19.25
1,7,19.25
1,8,18.9
1,9,21
1,10,20.3
1,11,18.2
1,12,18.9
1,13,21
1,14,18.9
1,15,19.25
1,16,17.85
1,17,17.85
1,18,19.95
1,19,19.25
1,20,21
1,21,19.25
1,22,21
1,23,22.05
1,24,23.8
1,25,24.15
1,26,24.15
1,27,25.55
1,28,25.9
1,29,26.25
1,30,25.55
1,31,28.35
1,32,26.25
1,33,29.75
1,34,28
1,35,30.45
1,36,30.8
1,37,30.1
1,38,30.1
1,39,30.8
1,40,32.9
1,5,20.3
1,6,20.3
1,7,20.65
1,8,20.65
1,9,19.25
1,10,21
1,11,20.65
1,12,19.6
1,13,18.2
1,14,18.55
1,15,19.95
1,16,17.85
1,17,19.95
1,18,18.9
1,19,17.5
1,20,20.65
1,21,18.55
1,22,19.25
1,23,22.05
1,24,22.75
1,25,23.8
1,26,23.8
1,27,25.2
1,28,24.5
1,29,24.85
1,30,26.95
1,31,26.6
1,32,26.25
1,33,28.35
1,34,27.65
1,35,29.05
1,36,29.4
1,37,30.45
1,38,30.1
1,39,30.8
1,40,31.85
1,5,17.85
1,6,19.95
1,7,20.3
1,8,19.95
1,9,19.25
1,10,20.65
1,11,21
1,12,18.2
1,13,18.2
1,14,21
1,15,19.95
1,16,18.55
1,17,21
1,18,18.9
1,19,20.65
1,20,17.85
1,21,18.9
1,22,21
1,23,20.3
1,24,20.65
1,25,22.05
1,26,22.75
1,27,24.5
1,28,23.8
1,29,25.9
1,30,25.2
1,31,28
1,32,26.95
1,33,29.75
1,34,29.4
1,35,31.5
1,36,29.75
1,37,30.45
1,38,31.5
1,39,32.2
1,40,32.9
1,5,18.2
1,6,19.25
1,7,19.6
1,8,18.2
1,9,21
1,10,17.85
1,11,17.5
1,12,19.25
1,13,18.9
1,14,20.65
1,15,18.9
1,16,17.85
1,17,18.2
1,18,20.65
1,19,18.55
1,20,19.25
1,21,18.2
1,22,22.05
1,23,21.7
1,24,22.4
1,25,24.15
1,26,24.85
1,27,24.15
1,28,23.1
1,29,26.95
1,30,24.5
1,31,27.3
1,32,29.05
1,33,29.05
1,34,28.35
1,35,29.05
1,36,28.7
1,37,31.5
1,38,31.15
1,39,30.45
1,40,32.9
1,5,18.55
1,6,20.65
1,7,18.55
1,8,17.85
1,9,18.55
1,10,18.9
1,11,17.85
1,12,20.65
1,13,19.6
1,14,18.9
1,15,18.9
1,16,20.65
1,17,20.65
1,18,19.95
1,19,21
1,20,18.9
1,21,18.2
1,22,20.3
1,23,22.4
1,24,22.4
1,25,23.1
1,26,24.5
1,27,25.2
1,28,25.55
1,29,26.95
1,30,25.9
1,31,27.3
1,32,28.7
1,33,26.6
1,34,30.8
1,35,30.1
1,36,31.15
1,37,31.5
1,38,32.2
1,39,32.55
1,40,32.2
2,5,17.1
2,6,16.5
2,7,16.8
2,8,17.4
2,9,15
2,10,16.8
2,11,15.6
2,12,17.7
2,13,18
2,14,16.8
2,15,17.4
2,16,16.8
2,17,15.9
2,18,16.8
2,19,16.5
2,20,15
2,21,16.5
2,22,18
2,23,18
2,24,18
2,25,18.3
2,26,20.7
2,27,21.6
2,28,21.6
2,29,22.2
2,30,22.2
2,31,21.9
2,32,22.5
2,33,25.8
2,34,24.6
2,35,24
2,36,25.2
2,37,26.1
2,38,26.1
2,39,27.6
2,40,26.4
2,5,17.7
2,6,16.8
2,7,17.4
2,8,15.9
2,9,15
2,10,16.2
2,11,16.8
2,12,16.2
2,13,16.5
2,14,15.6
2,15,18
2,16,18
2,17,15.9
2,18,15
2,19,18
2,20,15
2,21,15.9
2,22,16.2
2,23,16.8
2,24,17.4
2,25,21
2,26,18.6
2,27,20.1
2,28,21.9
2,29,23.1
2,30,23.4
2,31,24
2,32,22.5
2,33,25.8
2,34,26.1
2,35,26.1
2,36,24.9
2,37,27.6
2,38,26.7
2,39,26.7
2,40,27.6
2,5,17.7
2,6,17.4
2,7,17.7
2,8,15.3
2,9,15.9
2,10,15
2,11,17.4
2,12,16.5
2,13,16.2
2,14,18
2,15,17.4
2,16,16.8
2,17,15.6
2,18,15
2,19,15.9
2,20,17.7
2,21,15.6
2,22,19.2
2,23,16.8
2,24,18.6
2,25,19.2
2,26,20.1
2,27,22.2
2,28,20.4
2,29,23.4
2,30,22.8
2,31,23.1
2,32,23.7
2,33,25.8
2,34,23.7
2,35,26.7
2,36,25.8
2,37,27.6
2,38,27
2,39,27
2,40,27.9
2,5,15.9
2,6,15.9
2,7,17.4
2,8,15.3
2,9,15
2,10,18
2,11,15.3
2,12,18
2,13,15.3
2,14,17.1
2,15,17.4
2,16,15.9
2,17,17.4
2,18,15.9
2,19,17.1
2,20,15.3
2,21,18.3
2,22,18.6
2,23,17.7
2,24,18.9
2,25,20.1
2,26,19.5
2,27,20.1
2,28,21.6
2,29,21.3
2,30,21.3
2,31,24
2,32,25.2
2,33,24.6
2,34,24.6
2,35,27
2,36,27
2,37,25.5
2,38,27.3
2,39,27.3
2,40,26.4
2,5,17.4
2,6,15.3
2,7,17.4
2,8,17.1
2,9,17.4
2,10,15.3
2,11,15.3
2,12,17.7
2,13,16.2
2,14,18
2,15,15.6
2,16,17.4
2,17,18
2,18,16.2
2,19,15.6
2,20,15.6
2,21,17.4
2,22,17.1
2,23,18
2,24,17.7
2,25,19.5
2,26,20.4
2,27,20.4
2,28,22.8
2,29,21.6
2,30,22.8
2,31,23.1
2,32,25.2
2,33,24.9
2,34,24.9
2,35,27
2,36,24.9
2,37,25.5
2,38,27.3
2,39,26.1
2,40,26.4
2,5,16.8
2,6,18
2,7,15.6
2,8,16.2
2,9,16.8
2,10,16.2
2,11,18
2,12,15
2,13,18
2,14,16.5
2,15,17.1
2,16,17.7
2,17,15.3
2,18,16.5
2,19,15.6
2,20,16.8
2,21,17.4
2,22,18.3
2,23,19.8
2,24,19.8
2,25,20.1
2,26,19.8
2,27,19.8
2,28,20.1
2,29,23.4
2,30,23.7
2,31,23.7
2,32,24.6
2,33,24.9
2,34,24.3
2,35,24.6
2,36,25.5
2,37,26.7
2,38,25.8
2,39,27
2,40,26.4
2,5,15.3
2,6,17.7
2,7,16.8
2,8,15
2,9,15.3
2,10,17.4
2,11,16.5
2,12,17.1
2,13,15
2,14,15.9
2,15,15.6
2,16,15.6
2,17,16.5
2,18,17.1
2,19,17.1
2,20,16.5
2,21,15.6
2,22,16.2
2,23,18.3
2,24,19.5
2,25,19.8
2,26,21.6
2,27,22.2
2,28,21
2,29,21.3
2,30,22.8
2,31,22.8
2,32,23.7
2,33,23.7
2,34,23.7
2,35,25.2
2,36,24.6
2,37,27.6
2,38,26.7
2,39,27.9
2,40,26.4
2,5,15.9
2,6,16.8
2,7,16.5
2,8,16.5
2,9,16.8
2,10,15
2,11,18
2,12,15.3
2,13,18
2,14,15
2,15,15.3
2,16,15.9
2,17,18
2,18,17.1
2,19,15.3
2,20,17.4
2,21,18.3
2,22,17.7
2,23,18.9
2,24,20.1
2,25,19.8
2,26,20.7
2,27,19.2
2,28,20.7
2,29,21
2,30,23.7
2,31,23.4
2,32,22.2
2,33,23.1
2,34,24.3
2,35,26.1
2,36,24.6
2,37,27
2,38,25.8
2,39,27.9
2,40,27.6
2,5,15.6
2,6,15.6
2,7,15.9
2,8,16.8
2,9,17.4
2,10,17.7
2,11,16.2
2,12,17.7
2,13,17.7
2,14,16.8
2,15,17.4
2,16,16.8
2,17,17.4
2,18,16.2
2,19,15
2,20,16.2
2,21,18.3
2,22,16.8
2,23,19.5
2,24,19.2
2,25,20.4
2,26,20.1
2,27,19.5
2,28,20.7
2,29,22.8
2,30,21.3
2,31,22.2
2,32,23.7
2,33,24.6
2,34,26.4
2,35,27
2,36,24.6
2,37,27.3
2,38,27.6
2,39,26.1
2,40,27.3
2,5,16.5
2,6,15.6
2,7,17.1
2,8,18
2,9,15
2,10,15
2,11,15.3
2,12,16.2
2,13,16.5
2,14,15
2,15,15.9
2,16,16.5
2,17,15
2,18,16.8
2,19,17.7
2,20,17.4
2,21,16.2
2,22,17.4
2,23,18
2,24,18.3
2,25,21
2,26,18.6
2,27,19.5
2,28,22.8
2,29,21.3
2,30,21.3
2,31,24
2,32,24.3
2,33,22.8
2,34,24
2,35,24.9
2,36,25.5
2,37,26.7
2,38,26.4
2,39,27
2,40,27.6
3,5,15
3,6,16.8
3,7,15
3,8,15.3
3,9,15
3,10,16.8
3,11,16.8
3,12,15.9
3,13,16.5
3,14,17.4
3,15,16.5
3,16,16.8
3,17,15.3
3,18,17.1
3,19,15.3
3,20,17.4
3,21,18.6
3,22,18.6
3,23,17.4
3,24,17.7
3,25,18.9
3,26,18.9
3,27,19.5
3,28,21.3
3,29,23.4
3,30,21.6
3,31,21.6
3,32,22.2
3,33,25.2
3,34,24.6
3,35,25.2
3,36,25.8
3,37,26.1
3,38,26.1
3,39,26.7
3,40,27.9
3,5,17.7
3,6,15.3
3,7,16.8
3,8,15.9
3,9,16.5
3,10,16.8
3,11,16.2
3,12,15
3,13,16.2
3,14,16.5
3,15,16.5
3,16,15.9
3,17,16.2
3,18,16.5
3,19,15.6
3,20,18
3,21,16.2
3,22,17.7
3,23,18.9
3,24,18.6
3,25,20.7
3,26,19.8
3,27,20.4
3,28,20.7
3,29,23.1
3,30,22.2
3,31,23.4
3,32,25.2
3,33,25.2
3,34,26.4
3,35,25.2
3,36,26.4
3,37,26.7
3,38,27.3
3,39,27.9
3,40,28.2
3,5,15.9
3,6,18
3,7,15.3
3,8,16.5
3,9,15
3,10,16.5
3,11,16.2
3,12,17.1
3,13,15.9
3,14,17.1
3,15,15.9
3,16,15.9
3,17,15.3
3,18,18
3,19,15
3,20,18
3,21,15.6
3,22,18.6
3,23,16.8
3,24,17.4
3,25,18.9
3,26,19.2
3,27,21.9
3,28,21.6
3,29,22.2
3,30,21.9
3,31,22.2
3,32,24
3,33,24.3
3,34,25.8
3,35,26.7
3,36,26.7
3,37,26.4
3,38,26.7
3,39,26.1
3,40,27.6
3,5,15
3,6,17.1
3,7,17.4
3,8,17.4
3,9,17.1
3,10,18
3,11,17.1
3,12,15
3,13,16.5
3,14,17.4
3,15,17.7
3,16,15.3
3,17,15.6
3,18,17.1
3,19,15.3
3,20,16.5
3,21,17.7
3,22,16.5
3,23,18
3,24,18
3,25,19.2
3,26,20.7
3,27,21.6
3,28,22.2
3,29,23.4
3,30,23.1
3,31,24
3,32,24.3
3,33,22.8
3,34,24.3
3,35,26.7
3,36,25.2
3,37,25.5
3,38,26.4
3,39,27.3
3,40,27.6
3,5,16.8
3,6,17.4
3,7,18
3,8,15.3
3,9,16.8
3,10,17.1
3,11,15
3,12,17.4
3,13,18
3,14,18
3,15,15
3,16,16.5
3,17,15.6
3,18,17.7
3,19,18
3,20,17.1
3,21,16.2
3,22,17.4
3,23,18.6
3,24,19.8
3,25,20.7
3,26,20.1
3,27,20.7
3,28,22.2
3,29,22.5
3,30,23.1
3,31,23.1
3,32,23.7
3,33,22.8
3,34,26.4
3,35,26.1
3,36,26.7
3,37,27.3
3,38,26.7
3,39,26.7
3,40,28.2
3,5,17.1
3,6,17.1
3,7,15
3,8,15
3,9,17.7
3,10,16.5
3,11,17.4
3,12,15.6
3,13,17.7
3,14,16.2
3,15,15.6
3,16,15.3
3,17,16.2
3,18,16.2
3,19,15
3,20,18
3,21,18.6
3,22,17.7
3,23,17.7
3,24,19.8
3,25,19.5
3,26,18.9
3,27,21
3,28,21.6
3,29,23.1
3,30,21.6
3,31,22.5
3,32,24.6
3,33,24.3
3,34,25.5
3,35,24.9
3,36,26.7
3,37,25.5
3,38,27.3
3,39,26.4
3,40,26.7
3,5,15.3
3,6,16.5
3,7,16.2
3,8,15.6
3,9,15
3,10,16.2
3,11,15
3,12,15.6
3,13,18
3,14,16.2
3,15,15.9
3,16,15.6
3,17,16.5
3,18,17.1
3,19,16.5
3,20,15.3
3,21,17.1
3,22,17.1
3,23,17.7
3,24,17.4
3,25,18.6
3,26,21.3
3,27,20.7
3,28,21.9
3,29,21.9
3,30,23.1
3,31,23.1
3,32,24.6
3,33,24.9
3,34,25.2
3,35,25.2
3,36,24.9
3,37,26.7
3,38,27.3
3,39,26.7
3,40,26.4
3,5,15.3
3,6,16.2
3,7,17.7
3,8,15.3
3,9,15
3,10,16.2
3,11,17.7
3,12,15
3,13,16.2
3,14,15.9
3,15,17.4
3,16,18
3,17,18
3,18,17.7
3,19,18
3,20,17.4
3,21,16.8
3,22,16.8
3,23,18.3
3,24,18.3
3,25,18
3,26,20.7
3,27,21.3
3,28,20.7
3,29,22.5
3,30,24
3,31,23.4
3,32,22.8
3,33,23.1
3,34,26.1
3,35,24.3
3,36,25.5
3,37,26.1
3,38,26.4
3,39,26.1
3,40,26.7
3,5,16.5
3,6,17.7
3,7,17.1
3,8,16.8
3,9,15.9
3,10,18
3,11,15.6
3,12,17.4
3,13,16.5
3,14,15.6
3,15,15.6
3,16,16.5
3,17,16.5
3,18,18
3,19,15.9
3,20,15.6
3,21,17.1
3,22,17.4
3,23,19.2
3,24,20.4
3,25,19.2
3,26,21.6
3,27,22.2
3,28,21
3,29,22.2
3,30,22.2
3,31,22.2
3,32,23.4
3,33,23.1
3,34,25.8
3,35,27
3,36,24.9
3,37,26.1
3,38,26.1
3,39,27.3
3,40,27.3
3,5,17.4
3,6,15
3,7,15.6
3,8,15.3
3,9,16.5
3,10,18
3,11,15.3
3,12,15.3
3,13,15
3,14,15.9
3,15,16.8
3,16,17.7
3,17,15
3,18,15.9
3,19,17.4
3,20,16.8
3,21,18
3,22,18.6
3,23,18
3,24,18.3
3,25,19.5
3,26,18.9
3,27,20.1
3,28,21.9
3,29,21.3
3,30,22.2
3,31,23.1
3,32,24
3,33,24.9
3,34,24
3,35,25.2
3,36,25.2
3,37,26.1
3,38,27.3
3,39,27.9
3,40,27
4,5,17.7
4,6,15
4,7,17.7
4,8,18
4,9,15.3
4,10,18
4,11,17.1
4,12,16.8
4,13,16.8
4,14,16.8
4,15,16.2
4,16,17.1
4,17,18
4,18,17.1
4,19,15
4,20,16.8
4,21,15.9
4,22,18.6
4,23,18
4,24,20.1
4,25,19.8
4,26,18.6
4,27,22.2
4,28,21
4,29,21.6
4,30,21.9
4,31,23.1
4,32,24
4,33,23.7
4,34,25.5
4,35,24.6
4,36,25.8
4,37,25.2
4,38,26.1
4,39,26.1
4,40,28.2
4,5,15.3
4,6,15
4,7,17.7
4,8,15.9
4,9,17.1
4,10,16.5
4,11,16.5
4,12,16.5
4,13,15
4,14,15.3
4,15,18
4,16,17.1
4,17,17.7
4,18,15.6
4,19,18
4,20,16.8
4,21,15.9
4,22,18.3
4,23,18.3
4,24,18.6
4,25,18.6
4,26,21.3
4,27,21.3
4,28,21
4,29,20.7
4,30,21.9
4,31,21.6
4,32,24.3
4,33,25.2
4,34,25.5
4,35,24.9
4,36,26.4
4,37,26.1
4,38,26.1
4,39,27.6
4,40,27
4,5,16.2
4,6,17.7
4,7,15.6
4,8,15.3
4,9,15.3
4,10,17.7
4,11,17.4
4,12,16.5
4,13,15.6
4,14,15.9
4,15,18
4,16,16.5
4,17,15.3
4,18,17.1
4,19,16.8
4,20,16.8
4,21,18
4,22,18.3
4,23,18.6
4,24,20.4
4,25,19.8
4,26,21.3
4,27,20.4
4,28,21.3
4,29,21
4,30,22.8
4,31,23.7
4,32,22.8
4,33,25.8
4,34,23.7
4,35,24
4,36,24.6
4,37,26.1
4,38,26.1
4,39,27
4,40,26.7
4,5,15
4,6,16.2
4,7,18
4,8,18
4,9,17.4
4,10,15
4,11,15.9
4,12,16.8
4,13,17.4
4,14,16.2
4,15,15
4,16,15.3
4,17,16.5
4,18,15.6
4,19,18
4,20,18
4,21,15.6
4,22,16.8
4,23,17.1
4,24,17.4
4,25,21
4,26,21.3
4,27,22.2
4,28,22.2
4,29,22.8
4,30,24
4,31,22.5
4,32,22.5
4,33,24
4,34,24.9
4,35,26.7
4,36,27
4,37,27.6
4,38,25.8
4,39,27.9
4,40,27.9
4,5,15.6
4,6,15.9
4,7,15.9
4,8,15.9
4,9,15.3
4,10,15.9
4,11,18
4,12,17.7
4,13,16.8
4,14,15.6
4,15,16.5
4,16,16.5
4,17,15.6
4,18,16.8
4,19,17.1
4,20,15.9
4,21,16.5
4,22,16.5
4,23,18.9
4,24,20.1
4,25,19.5
4,26,19.8
4,27,19.5
4,28,21
4,29,21.3
4,30,22.8
4,31,24.3
4,32,22.5
4,33,24.3
4,34,26.4
4,35,25.2
4,36,27
4,37,26.1
4,38,26.4
4,39,26.7
4,40,27.3
4,5,17.7
4,6,17.4
4,7,16.8
4,8,16.8
4,9,16.8
4,10,18
4,11,17.1
4,12,16.2
4,13,15.3
4,14,17.7
4,15,16.8
4,16,15
4,17,17.4
4,18,16.5
4,19,18
4,20,18
4,21,16.8
4,22,17.4
4,23,19.8
4,24,20.1
4,25,18.9
4,26,19.5
4,27,19.5
4,28,21
4,29,20.7
4,30,23.7
4,31,23.4
4,32,22.2
4,33,25.5
4,34,23.4
4,35,26.7
4,36,26.4
4,37,26.7
4,38,26.4
4,39,26.1
4,40,27.6
4,5,15.9
4,6,17.1
4,7,15.9
4,8,17.4
4,9,15
4,10,16.8
4,11,15.9
4,12,16.5
4,13,15
4,14,15
4,15,16.2
4,16,17.4
4,17,15.3
4,18,16.5
4,19,15.3
4,20,16.5
4,21,17.1
4,22,18.9
4,23,16.8
4,24,18.6
4,25,18.6
4,26,19.8
4,27,22.2
4,28,22.5
4,29,22.5
4,30,23.4
4,31,24.6
4,32,24
4,33,24.6
4,34,24.9
4,35,26.4
4,36,25.8
4,37,27.3
4,38,26.1
4,39,27.6
4,40,26.4
4,5,18
4,6,17.4
4,7,15.9
4,8,15.3
4,9,18
4,10,16.2
4,11,15.3
4,12,15.6
4,13,16.2
4,14,15.9
4,15,18
4,16,15.3
4,17,15.3
4,18,15.3
4,19,17.1
4,20,17.1
4,21,16.8
4,22,17.1
4,23,18.6
4,24,19.8
4,25,18
4,26,19.8
4,27,19.2
4,28,21.3
4,29,21.3
4,30,21.3
4,31,21.6
4,32,22.2
4,33,23.4
4,34,24
4,35,25.8
4,36,25.5
4,37,26.4
4,38,27.3
4,39,27.9
4,40,27
4,5,16.5
4,6,15
4,7,17.7
4,8,16.2
4,9,16.5
4,10,16.8
4,11,17.7
4,12,17.7
4,13,15
4,14,16.8
4,15,18
4,16,17.1
4,17,16.5
4,18,15.6
4,19,18
4,20,15.6
4,21,15.6
4,22,18
4,23,19.2
4,24,18.6
4,25,18.6
4,26,20.4
4,27,21.3
4,28,20.7
4,29,23.1
4,30,21
4,31,24.3
4,32,22.5
4,33,23.1
4,34,24.3
4,35,25.8
4,36,27
4,37,27.3
4,38,27.3
4,39,27
4,40,28.2
4,5,15
4,6,17.4
4,7,15.3
4,8,16.5
4,9,16.2
4,10,15.9
4,11,17.4
4,12,16.8
4,13,16.8
4,14,18
4,15,15.9
4,16,17.7
4,17,15
4,18,15.9
4,19,16.8
4,20,15.6
4,21,18.6
4,22,16.5
4,23,17.7
4,24,20.4
4,25,19.8
4,26,20.4
4,27,22.2
4,28,20.4
4,29,22.2
4,30,22.5
4,31,22.2
4,32,22.8
4,33,25.5
4,34,24.6
4,35,26.4
4,36,24.9
4,37,26.7
4,38,26.4
4,39,27
4,40,28.2
5,5,15.9
5,6,18
5,7,17.7
5,8,16.5
5,9,17.7
5,10,15.3
5,11,17.1
5,12,15.6
5,13,16.5
5,14,16.2
5,15,15.3
5,16,18
5,17,17.1
5,18,15.3
5,19,15.3
5,20,15.3
5,21,16.8
5,22,16.5
5,23,16.8
5,24,18.9
5,25,18
5,26,18.9
5,27,21.9
5,28,22.5
5,29,21.6
5,30,22.2
5,31,21.9
5,32,24
5,33,22.8
5,34,26.4
5,35,26.4
5,36,25.5
5,37,26.7
5,38,27.3
5,39,26.7
5,40,27.6
5,5,16.2
5,6,17.4
5,7,16.8
5,8,15.3
5,9,17.7
5,10,17.7
5,11,17.7
5,12,15.6
5,13,15.3
5,14,17.4
5,15,15
5,16,15.3
5,17,17.4
5,18,15
5,19,16.8
5,20,18
5,21,15.9
5,22,18.6
5,23,18
5,24,20.1
5,25,19.2
5,26,18.6
5,27,20.1
5,28,20.7
5,29,21.9
5,30,24
5,31,21.6
5,32,22.2
5,33,24.6
5,34,26.1
5,35,26.7
5,36,27
5,37,27
5,38,27
5,39,27
5,40,28.2
5,5,15
5,6,17.1
5,7,16.8
5,8,15
5,9,16.2
5,10,15.6
5,11,18
5,12,15.9
5,13,16.8
5,14,17.7
5,15,17.1
5,16,16.8
5,17,17.1
5,18,18
5,19,17.4
5,20,17.1
5,21,16.2
5,22,17.1
5,23,18.3
5,24,18.6
5,25,19.2
5,26,18.9
5,27,20.1
5,28,20.4
5,29,21.3
5,30,22.5
5,31,21.6
5,32,23.4
5,33,24
5,34,25.2
5,35,26.7
5,36,26.1
5,37,26.1
5,38,26.7
5,39,26.4
5,40,26.7
5,5,17.7
5,6,17.1
5,7,17.4
5,8,17.1
5,9,17.1
5,10,17.1
5,11,15.9
5,12,15.3
5,13,16.2
5,14,15
5,15,16.8
5,16,17.1
5,17,15
5,18,17.1
5,19,17.4
5,20,17.1
5,21,15.6
5,22,17.1
5,23,19.8
5,24,20.4
5,25,18.3
5,26,20.4
5,27,21
5,28,20.1
5,29,21
5,30,21.3
5,31,22.5
5,32,23.1
5,33,24
5,34,23.4
5,35,25.2
5,36,27
5,37,26.4
5,38,27.3
5,39,26.7
5,40,27
5,5,15.9
5,6,18
5,7,15.9
5,8,15.3
5,9,15
5,10,17.1
5,11,15
5,12,17.1
5,13,15.3
5,14,15.6
5,15,18
5,16,18
5,17,15.6
5,18,16.8
5,19,16.8
5,20,16.2
5,21,17.4
5,22,18.9
5,23,19.8
5,24,20.4
5,25,20.4
5,26,21
5,27,19.5
5,28,21.9
5,29,22.2
5,30,22.2
5,31,24.3
5,32,22.2
5,33,25.2
5,34,24
5,35,27
5,36,24.6
5,37,25.2
5,38,26.1
5,39,27.6
5,40,27.3
5,5,15
5,6,17.4
5,7,15.6
5,8,15
5,9,15.6
5,10,17.4
5,11,16.8
5,12,15.3
5,13,16.8
5,14,15
5,15,16.5
5,16,15.3
5,17,15.6
5,18,15.6
5,19,15.6
5,20,15.6
5,21,17.4
5,22,19.2
5,23,19.5
5,24,19.8
5,25,18.6
5,26,20.4
5,27,21.9
5,28,22.2
5,29,23.1
5,30,23.4
5,31,22.2
5,32,22.5
5,33,24.9
5,34,25.5
5,35,26.7
5,36,27
5,37,27
5,38,27.3
5,39,26.1
5,40,27
5,5,15
5,6,16.5
5,7,15.9
5,8,17.7
5,9,17.1
5,10,15.6
5,11,15.6
5,12,15.3
5,13,15
5,14,15.9
5,15,16.8
5,16,16.8
5,17,15.9
5,18,15.9
5,19,18
5,20,16.5
5,21,18.3
5,22,19.2
5,23,19.8
5,24,18.3
5,25,19.2
5,26,19.8
5,27,22.2
5,28,21.3
5,29,21
5,30,21.3
5,31,24.3
5,32,24.6
5,33,24
5,34,26.4
5,35,24.6
5,36,25.5
5,37,26.1
5,38,27.3
5,39,27.9
5,40,27.6
5,5,18
5,6,15.9
5,7,15
5,8,16.5
5,9,17.1
5,10,17.1
5,11,16.2
5,12,15.3
5,13,15.3
5,14,17.1
5,15,16.8
5,16,16.8
5,17,15.6
5,18,17.4
5,19,18
5,20,15.6
5,21,16.2
5,22,17.4
5,23,19.2
5,24,19.8
5,25,20.7
5,26,19.5
5,27,20.4
5,28,20.7
5,29,23.4
5,30,21
5,31,24.6
5,32,23.1
5,33,24
5,34,25.2
5,35,24.6
5,36,24.6
5,37,26.1
5,38,26.7
5,39,27.9
5,40,26.7
5,5,18
5,6,17.4
5,7,15.9
5,8,15.9
5,9,17.7
5,10,17.7
5,11,16.5
5,12,15
5,13,15.3
5,14,17.1
5,15,15.9
5,16,18
5,17,15
5,18,16.2
5,19,17.1
5,20,17.4
5,21,18.3
5,22,18
5,23,19.2
5,24,19.2
5,25,19.2
5,26,21.3
5,27,21.9
5,28,21
5,29,21.6
5,30,22.5
5,31,22.8
5,32,24.9
5,33,22.8
5,34,24.3
5,35,25.5
5,36,24.9
5,37,27
5,38,27.6
5,39,27
5,40,27
5,5,15.3
5,6,16.2
5,7,16.5
5,8,16.5
5,9,15.6
5,10,15
5,11,17.1
5,12,18
5,13,15.3
5,14,17.1
5,15,17.4
5,16,17.4
5,17,16.5
5,18,15.3
5,19,15.6
5,20,18
5,21,17.7
5,22,19.2
5,23,18.3
5,24,19.2
5,25,20.1
5,26,20.7
5,27,19.8
5,28,22.2
5,29,21.9
5,30,22.8
5,31,24.3
5,32,22.8
5,33,24.3
5,34,25.5
5,35,24
5,36,25.2
5,37,27.3
5,38,27.3
5,39,27.3
5,40,28.2
6,5,25.2
6,6,22.5
6,7,27
6,8,24.75
6,9,24.3
6,10,24.3
6,11,25.2
6,12,26.55
6,13,22.95
6,14,23.4
6,15,22.5
6,16,25.2
6,17,25.65
6,18,22.5
6,19,27
6,20,22.95
6,21,25.65
6,22,25.65
6,23,27.45
6,24,29.25
6,25,30.6
6,26,31.5
6,27,30.15
6,28,32.85
6,29,34.2
6,30,35.1
6,31,36
6,32,37.35
6,33,35.55
6,34,35.1
6,35,40.5
6,36,40.05
6,37,40.95
6,38,38.7
6,39,40.5
6,40,40.95
6,5,27
6,6,25.65
6,7,23.4
6,8,22.5
6,9,27
6,10,23.4
6,11,26.55
6,12,26.55
6,13,24.3
6,14,22.95
6,15,22.95
6,16,25.65
6,17,23.85
6,18,24.3
6,19,25.65
6,20,23.4
6,21,26.1
6,22,27
6,23,28.8
6,24,30.15
6,25,28.35
6,26,31.95
6,27,33.3
6,28,29.7
6,29,32.4
6,30,34.2
6,31,36.45
6,32,37.8
6,33,36.9
6,34,37.35
6,35,36.45
6,36,39.15
6,37,39.6
6,38,41.4
6,39,40.5
6,40,42.3
6,5,26.55
6,6,24.75
6,7,25.65
6,8,24.3
6,9,26.1
6,10,27
6,11,22.95
6,12,24.3
6,13,22.95
6,14,25.2
6,15,26.1
6,16,25.65
6,17,22.5
6,18,22.95
6,19,22.95
6,20,25.65
6,21,25.2
6,22,28.35
6,23,25.65
6,24,30.6
6,25,30.15
6,26,31.95
6,27,29.7
6,28,32.85
6,29,32.4
6,30,35.1
6,31,36
6,32,33.75
6,33,36.45
6,34,38.25
6,35,40.5
6,36,38.7
6,37,39.15
6,38,39.6
6,39,41.85
6,40,41.4
6,5,22.5
6,6,24.75
6,7,26.1
6,8,24.3
6,9,23.4
6,10,25.2
6,11,23.85
6,12,23.85
6,13,26.55
6,14,23.85
6,15,27
6,16,23.4
6,17,23.85
6,18,22.5
6,19,26.55
6,20,24.3
6,21,25.2
6,22,25.65
6,23,25.2
6,24,29.25
6,25,28.35
6,26,30.15
6,27,31.5
6,28,30.6
6,29,32.85
6,30,34.2
6,31,33.3
6,32,34.65
6,33,35.1
6,34,36.9
6,35,37.35
6,36,40.05
6,37,39.15
6,38,39.6
6,39,39.15
6,40,41.4
6,5,24.75
6,6,22.95
6,7,25.65
6,8,25.2
6,9,23.85
6,10,24.75
6,11,27
6,12,26.1
6,13,24.3
6,14,23.85
6,15,23.85
6,16,27
6,17,22.5
6,18,27
6,19,22.95
6,20,24.75
6,21,23.85
6,22,27.45
6,23,27.45
6,24,29.7
6,25,27
6,26,28.35
6,27,29.7
6,28,31.5
6,29,33.3
6,30,34.2
6,31,33.3
6,32,34.2
6,33,38.7
6,34,39.6
6,35,36
6,36,40.5
6,37,40.05
6,38,41.4
6,39,40.5
6,40,41.4
6,5,22.5
6,6,26.1
6,7,24.3
6,8,25.2
6,9,25.2
6,10,26.55
6,11,23.4
6,12,26.1
6,13,25.2
6,14,27
6,15,22.5
6,16,26.55
6,17,24.75
6,18,26.55
6,19,24.3
6,20,25.2
6,21,23.85
6,22,25.65
6,23,26.1
6,24,30.6
6,25,30.6
6,26,30.15
6,27,31.95
6,28,32.85
6,29,32.85
6,30,34.2
6,31,33.3
6,32,35.55
6,33,38.7
6,34,38.7
6,35,38.25
6,36,36.9
6,37,37.8
6,38,38.7
6,39,41.4
6,40,39.6
6,5,25.65
6,6,27
6,7,22.95
6,8,23.4
6,9,23.4
6,10,25.65
6,11,24.75
6,12,23.4
6,13,26.55
6,14,24.3
6,15,22.5
6,16,26.1
6,17,23.4
6,18,23.85
6,19,22.5
6,20,24.3
6,21,27
6,22,26.55
6,23,28.8
6,24,26.55
6,25,31.5
6,26,30.15
6,27,29.7
6,28,30.6
6,29,34.2
6,30,32.4
6,31,36.45
6,32,36.9
6,33,37.8
6,34,38.25
6,35,38.7
6,36,40.05
6,37,40.5
6,38,40.5
6,39,39.15
6,40,40.95
6,5,26.55
6,6,24.75
6,7,23.4
6,8,22.5
6,9,23.85
6,10,22.95
6,11,23.4
6,12,23.4
6,13,23.85
6,14,23.85
6,15,22.95
6,16,27
6,17,24.3
6,18,25.65
6,19,24.75
6,20,23.85
6,21,26.55
6,22,27
6,23,25.2
6,24,28.35
6,25,31.05
6,26,30.15
6,27,31.05
6,28,32.4
6,29,35.1
6,30,35.1
6,31,34.2
6,32,35.1
6,33,36
6,34,35.1
6,35,40.5
6,36,40.05
6,37,40.5
6,38,39.6
6,39,40.5
6,40,41.85
6,5,25.65
6,6,25.2
6,7,23.85
6,8,27
6,9,22.95
6,10,26.55
6,11,22.5
6,12,27
6,13,26.1
6,14,24.3
6,15,24.3
6,16,25.65
6,17,26.55
6,18,24.3
6,19,25.2
6,20,27
6,21,23.4
6,22,26.1
6,23,29.7
6,24,29.25
6,25,29.7
6,26,27.9
6,27,31.95
6,28,31.5
6,29,33.75
6,30,31.95
6,31,36.45
6,32,34.65
6,33,35.1
6,34,35.55
6,35,39.6
6,36,39.15
6,37,37.8
6,38,39.15
6,39,40.95
6,40,40.5
6,5,25.2
6,6,24.3
6,7,22.95
6,8,26.55
6,9,26.1
6,10,22.5
6,11,24.3
6,12,26.1
6,13,23.85
6,14,26.1
6,15,24.75
6,16,26.1
6,17,23.4
6,18,27
6,19,23.85
6,20,23.85
6,21,25.65
6,22,24.3
6,23,29.7
6,24,27.9
6,25,27.45
6,26,31.95
6,27,31.05
6,28,34.2
6,29,32.85
6,30,32.4
6,31,33.3
6,32,35.1
6,33,35.1
6,34,35.1
6,35,40.05
6,36,38.7
6,37,40.95
6,38,40.05
6,39,40.95
6,40,42.3
7,5,48
7,6,42.4
7,7,48
7,8,41.6
7,9,40
7,10,40.8
7,11,41.6
7,12,47.2
7,13,48
7,14,40.8
7,15,43.2
7,16,41.6
7,17,42.4
7,18,41.6
7,19,46.4
7,20,40.8
7,21,42.4
7,22,44.8
7,23,51.2
7,24,46.4
7,25,53.6
7,26,54.4
7,27,59.2
7,28,56.8
7,29,56
7,30,56
7,31,64
7,32,62.4
7,33,66.4
7,34,64.8
7,35,65.6
7,36,67.2
7,37,71.2
7,38,68.8
7,39,74.4
7,40,72.8
7,5,46.4
7,6,47.2
7,7,42.4
7,8,43.2
7,9,43.2
7,10,48
7,11,42.4
7,12,44.8
7,13,48
7,14,43.2
7,15,43.2
7,16,45.6
7,17,43.2
7,18,44
7,19,40
7,20,43.2
7,21,46.4
7,22,44.8
7,23,48
7,24,52
7,25,51.2
7,26,49.6
7,27,59.2
7,28,52.8
7,29,59.2
7,30,59.2
7,31,64
7,32,62.4
7,33,68.8
7,34,69.6
7,35,68.8
7,36,69.6
7,37,68.8
7,38,70.4
7,39,73.6
7,40,75.2
7,5,40
7,6,43.2
7,7,42.4
7,8,41.6
7,9,41.6
7,10,41.6
7,11,40.8
7,12,42.4
7,13,40.8
7,14,44.8
7,15,42.4
7,16,46.4
7,17,42.4
7,18,45.6
7,19,43.2
7,20,42.4
7,21,47.2
7,22,44
7,23,48.8
7,24,51.2
7,25,54.4
7,26,56
7,27,55.2
7,28,56.8
7,29,56.8
7,30,57.6
7,31,64
7,32,59.2
7,33,68.8
7,34,65.6
7,35,68.8
7,36,70.4
7,37,70.4
7,38,73.6
7,39,69.6
7,40,72.8
7,5,43.2
7,6,48
7,7,47.2
7,8,44.8
7,9,48
7,10,47.2
7,11,44
7,12,40
7,13,40
7,14,45.6
7,15,40
7,16,40.8
7,17,46.4
7,18,41.6
7,19,45.6
7,20,44.8
7,21,44
7,22,44
7,23,46.4
7,24,53.6
7,25,54.4
7,26,50.4
7,27,52
7,28,57.6
7,29,55.2
7,30,62.4
7,31,62.4
7,32,60
7,33,65.6
7,34,63.2
7,35,68.8
7,36,69.6
7,37,73.6
7,38,72
7,39,72.8
7,40,73.6
7,5,43.2
7,6,44
7,7,40
7,8,40
7,9,46.4
7,10,44.8
7,11,44
7,12,44.8
7,13,47.2
7,14,47.2
7,15,44.8
7,16,42.4
7,17,44.8
7,18,40.8
7,19,46.4
7,20,45.6
7,21,42.4
7,22,44
7,23,48.8
7,24,48.8
7,25,53.6
7,26,57.6
7,27,58.4
7,28,58.4
7,29,55.2
7,30,60
7,31,64
7,32,59.2
7,33,65.6
7,34,65.6
7,35,70.4
7,36,66.4
7,37,68.8
7,38,69.6
7,39,70.4
7,40,72
7,5,45.6
7,6,45.6
7,7,40.8
7,8,45.6
7,9,47.2
7,10,40.8
7,11,44
7,12,43.2
7,13,41.6
7,14,40.8
7,15,40
7,16,46.4
7,17,40.8
7,18,47.2
7,19,40.8
7,20,43.2
7,21,48
7,22,43.2
7,23,52
7,24,54.4
7,25,48
7,26,57.6
7,27,52.8
7,28,59.2
7,29,57.6
7,30,64
7,31,64
7,32,60.8
7,33,68
7,34,65.6
7,35,70.4
7,36,65.6
7,37,73.6
7,38,69.6
7,39,69.6
7,40,75.2
7,5,40.8
7,6,44
7,7,42.4
7,8,45.6
7,9,48
7,10,40.8
7,11,42.4
7,12,42.4
7,13,44
7,14,40.8
7,15,43.2
7,16,42.4
7,17,43.2
7,18,45.6
7,19,42.4
7,20,47.2
7,21,41.6
7,22,51.2
7,23,51.2
7,24,48.8
7,25,48.8
7,26,50.4
7,27,59.2
7,28,59.2
7,29,54.4
7,30,58.4
7,31,62.4
7,32,60
7,33,64
7,34,66.4
7,35,64
7,36,69.6
7,37,67.2
7,38,72
7,39,72
7,40,72.8
7,5,43.2
7,6,48
7,7,46.4
7,8,42.4
7,9,45.6
7,10,48
7,11,42.4
7,12,48
7,13,44.8
7,14,47.2
7,15,40
7,16,42.4
7,17,48
7,18,45.6
7,19,46.4
7,20,41.6
7,21,46.4
7,22,46.4
7,23,48
7,24,47.2
7,25,55.2
7,26,52
7,27,56
7,28,60
7,29,60
7,30,61.6
7,31,64.8
7,32,63.2
7,33,61.6
7,34,62.4
7,35,64.8
7,36,68
7,37,72.8
7,38,72
7,39,69.6
7,40,72.8
7,5,40
7,6,40.8
7,7,41.6
7,8,44.8
7,9,45.6
7,10,40
7,11,42.4
7,12,47.2
7,13,47.2
7,14,41.6
7,15,44.8
7,16,42.4
7,17,44.8
7,18,47.2
7,19,40
7,20,40.8
7,21,48
7,22,45.6
7,23,47.2
7,24,46.4
7,25,52.8
7,26,52.8
7,27,52.8
7,28,59.2
7,29,56.8
7,30,56.8
7,31,62.4
7,32,65.6
7,33,64.8
7,34,68
7,35,65.6
7,36,69.6
7,37,68.8
7,38,73.6
7,39,72.8
7,40,74.4
7,5,45.6
7,6,42.4
7,7,44.8
7,8,44.8
7,9,46.4
7,10,44
7,11,44
7,12,42.4
7,13,41.6
7,14,41.6
7,15,44.8
7,16,46.4
7,17,43.2
7,18,40
7,19,40.8
7,20,46.4
7,21,44
7,22,48.8
7,23,45.6
7,24,52.8
7,25,55.2
7,26,54.4
7,27,55.2
7,28,58.4
7,29,60.8
7,30,61.6
7,31,60
7,32,65.6
7,33,62.4
7,34,62.4
7,35,65.6
7,36,65.6
7,37,68.8
7,38,69.6
7,39,72
7,40,73.6
8,5,56
8,6,59
8,7,52
8,8,50
8,9,56
8,10,52
8,11,60
8,12,53
8,13,53
8,14,59
8,15,52
8,16,57
8,17,53
8,18,59
8,19,57
8,20,56
8,21,52
8,22,56
8,23,56
8,24,62
8,25,65
8,26,71
8,27,70
8,28,66
8,29,70
8,30,73
8,31,73
8,32,76
8,33,81
8,34,81
8,35,89
8,36,83
8,37,89
8,38,89
8,39,90
8,40,89
8,5,52
8,6,54
8,7,56
8,8,52
8,9,54
8,10,53
8,11,56
8,12,59
8,13,54
8,14,52
8,15,53
8,16,50
8,17,60
8,18,52
8,19,53
8,20,59
8,21,52
8,22,63
8,23,61
8,24,58
8,25,69
8,26,69
8,27,65
8,28,69
8,29,68
8,30,72
8,31,77
8,32,81
8,33,77
8,34,83
8,35,86
8,36,83
8,37,90
8,38,92
8,39,92
8,40,93
8,5,57
8,6,57
8,7,60
8,8,51
8,9,53
8,10,55
8,11,58
8,12,55
8,13,60
8,14,53
8,15,56
8,16,51
8,17,52
8,18,52
8,19,57
8,20,60
8,21,57
8,22,54
8,23,57
8,24,68
8,25,69
8,26,64
8,27,67
8,28,67
8,29,77
8,30,77
8,31,79
8,32,82
8,33,82
8,34,87
8,35,84
8,36,83
8,37,90
8,38,87
8,39,91
8,40,88
8,5,56
8,6,55
8,7,58
8,8,50
8,9,54
8,10,52
8,11,58
8,12,55
8,13,54
8,14,57
8,15,52
8,16,59
8,17,51
8,18,54
8,19,52
8,20,60
8,21,61
8,22,64
8,23,64
8,24,61
8,25,68
8,26,72
8,27,72
8,28,76
8,29,68
8,30,78
8,31,74
8,32,75
8,33,82
8,34,83
8,35,84
8,36,84
8,37,90
8,38,86
8,39,89
8,40,88
8,5,56
8,6,59
8,7,57
8,8,58
8,9,52
8,10,60
8,11,52
8,12,57
8,13,52
8,14,52
8,15,59
8,16,50
8,17,58
8,18,56
8,19,52
8,20,59
8,21,52
8,22,59
8,23,58
8,24,58
8,25,62
8,26,64
8,27,74
8,28,68
8,29,77
8,30,80
8,31,74
8,32,79
8,33,79
8,34,87
8,35,89
8,36,85
8,37,89
8,38,90
8,39,90
8,40,92
8,5,54
8,6,55
8,7,60
8,8,50
8,9,56
8,10,55
8,11,58
8,12,59
8,13,50
8,14,57
8,15,58
8,16,53
8,17,56
8,18,58
8,19,53
8,20,51
8,21,58
8,22,58
8,23,61
8,24,60
8,25,64
8,26,65
8,27,69
8,28,72
8,29,73
8,30,72
8,31,75
8,32,84
8,33,79
8,34,87
8,35,84
8,36,85
8,37,91
8,38,88
8,39,90
8,40,93
8,5,60
8,6,57
8,7,58
8,8,50
8,9,60
8,10,59
8,11,51
8,12,51
8,13,51
8,14,51
8,15,60
8,16,57
8,17,51
8,18,53
8,19,55
8,20,59
8,21,62
8,22,59
8,23,59
8,24,58
8,25,63
8,26,64
8,27,67
8,28,72
8,29,72
8,30,74
8,31,74
8,32,79
8,33,82
8,34,85
8,35,81
8,36,87
8,37,85
8,38,87
8,39,89
8,40,91
8,5,52
8,6,60
8,7,60
8,8,57
8,9,51
8,10,58
8,11,54
8,12,54
8,13,55
8,14,53
8,15,55
8,16,51
8,17,60
8,18,57
8,19,52
8,20,58
8,21,60
8,22,60
8,23,60
8,24,64
8,25,67
8,26,62
8,27,71
8,28,71
8,29,73
8,30,74
8,31,75
8,32,84
8,33,81
8,34,78
8,35,90
8,36,89
8,37,92
8,38,86
8,39,90
8,40,90
8,5,59
8,6,52
8,7,56
8,8,57
8,9,54
8,10,51
8,11,58
8,12,59
8,13,56
8,14,58
8,15,53
8,16,51
8,17,51
8,18,55
8,19,58
8,20,50
8,21,55
8,22,62
8,23,57
8,24,59
8,25,63
8,26,70
8,27,65
8,28,71
8,29,72
8,30,75
8,31,76
8,32,74
8,33,77
8,34,80
8,35,84
8,36,90
8,37,92
8,38,90
8,39,91
8,40,89
8,5,56
8,6,54
8,7,53
8,8,50
8,9,59
8,10,60
8,11,59
8,12,59
8,13,57
8,14,50
8,15,60
8,16,60
8,17,57
8,18,55
8,19,58
8,20,50
8,21,60
8,22,58
8,23,61
8,24,63
8,25,67
8,26,62
8,27,71
8,28,68
8,29,76
8,30,79
8,31,77
8,32,81
8,33,81
8,34,88
8,35,86
8,36,85
8,37,92
8,38,88
8,39,90
8,40,93
9,5,53.1
9,6,47.7
9,7,45.9
9,8,53.1
9,9,48.6
9,10,48.6
9,11,45
9,12,45
9,13,45
9,14,48.6
9,15,48.6
9,16,47.7
9,17,45.9
9,18,48.6
9,19,50.4
9,20,45
9,21,47.7
9,22,56.7
9,23,50.4
9,24,59.4
9,25,56.7
9,26,63
9,27,62.1
9,28,68.4
9,29,63
9,30,63
9,31,72.9
9,32,74.7
9,33,77.4
9,34,79.2
9,35,73.8
9,36,75.6
9,37,80.1
9,38,81
9,39,82.8
9,40,80.1
9,5,49.5
9,6,52.2
9,7,53.1
9,8,46.8
9,9,50.4
9,10,50.4
9,11,52.2
9,12,49.5
9,13,51.3
9,14,45.9
9,15,54
9,16,50.4
9,17,47.7
9,18,52.2
9,19,49.5
9,20,49.5
9,21,54.9
9,22,50.4
9,23,54
9,24,54
9,25,62.1
9,26,63.9
9,27,59.4
9,28,63.9
9,29,69.3
9,30,63.9
9,31,71.1
9,32,70.2
9,33,77.4
9,34,72.9
9,35,80.1
9,36,75.6
9,37,81.9
9,38,79.2
9,39,78.3
9,40,79.2
9,5,47.7
9,6,53.1
9,7,45
9,8,46.8
9,9,45.9
9,10,46.8
9,11,48.6
9,12,46.8
9,13,45
9,14,50.4
9,15,49.5
9,16,45.9
9,17,48.6
9,18,45.9
9,19,49.5
9,20,47.7
9,21,51.3
9,22,56.7
9,23,58.5
9,24,54
9,25,56.7
9,26,59.4
9,27,58.5
9,28,67.5
9,29,70.2
9,30,63.9
9,31,71.1
9,32,71.1
9,33,77.4
9,34,74.7
9,35,75.6
9,36,76.5
9,37,81.9
9,38,81
9,39,79.2
9,40,84.6
9,5,54
9,6,45
9,7,45
9,8,46.8
9,9,54
9,10,52.2
9,11,45
9,12,45.9
9,13,47.7
9,14,54
9,15,50.4
9,16,51.3
9,17,49.5
9,18,48.6
9,19,53.1
9,20,48.6
9,21,47.7
9,22,51.3
9,23,54.9
9,24,56.7
9,25,58.5
9,26,64.8
9,27,65.7
9,28,62.1
9,29,65.7
9,30,63.9
9,31,67.5
9,32,73.8
9,33,75.6
9,34,75.6
9,35,77.4
9,36,76.5
9,37,77.4
9,38,81
9,39,83.7
9,40,81.9
9,5,47.7
9,6,45.9
9,7,53.1
9,8,48.6
9,9,53.1
9,10,50.4
9,11,50.4
9,12,46.8
9,13,52.2
9,14,45.9
9,15,52.2
9,16,47.7
9,17,47.7
9,18,52.2
9,19,50.4
9,20,47.7
9,21,47.7
9,22,55.8
9,23,53.1
9,24,54
9,25,63
9,26,63
9,27,63.9
9,28,61.2
9,29,70.2
9,30,66.6
9,31,64.8
9,32,73.8
9,33,76.5
9,34,70.2
9,35,77.4
9,36,80.1
9,37,82.8
9,38,82.8
9,39,82.8
9,40,83.7
9,5,51.3
9,6,52.2
9,7,51.3
9,8,46.8
9,9,51.3
9,10,52.2
9,11,53.1
9,12,48.6
9,13,50.4
9,14,45.9
9,15,54
9,16,54
9,17,45.9
9,18,54
9,19,53.1
9,20,52.2
9,21,47.7
9,22,51.3
9,23,51.3
9,24,54
9,25,55.8
9,26,57.6
9,27,60.3
9,28,68.4
9,29,62.1
9,30,66.6
9,31,71.1
9,32,70.2
9,33,74.7
9,34,76.5
9,35,81
9,36,81
9,37,75.6
9,38,82.8
9,39,82.8
9,40,81.9
9,5,45.9
9,6,47.7
9,7,49.5
9,8,51.3
9,9,49.5
9,10,53.1
9,11,47.7
9,12,53.1
9,13,53.1
9,14,47.7
9,15,51.3
9,16,45
9,17,53.1
9,18,53.1
9,19,49.5
9,20,49.5
9,21,54
9,22,49.5
9,23,54
9,24,54
9,25,57.6
9,26,55.8
9,27,60.3
9,28,61.2
9,29,62.1
9,30,63
9,31,70.2
9,32,74.7
9,33,73.8
9,34,72
9,35,80.1
9,36,75.6
9,37,81.9
9,38,82.8
9,39,79.2
9,40,79.2
9,5,53.1
9,6,53.1
9,7,48.6
9,8,50.4
9,9,50.4
9,10,47.7
9,11,47.7
9,12,54
9,13,45.9
9,14,49.5
9,15,51.3
9,16,47.7
9,17,53.1
9,18,46.8
9,19,47.7
9,20,47.7
9,21,54
9,22,54
9,23,54.9
9,24,61.2
9,25,56.7
9,26,62.1
9,27,65.7
9,28,59.4
9,29,64.8
9,30,63.9
9,31,72.9
9,32,71.1
9,33,76.5
9,34,79.2
9,35,78.3
9,36,73.8
9,37,77.4
9,38,82.8
9,39,81.9
9,40,83.7
9,5,53.1
9,6,47.7
9,7,46.8
9,8,51.3
9,9,52.2
9,10,53.1
9,11,54
9,12,54
9,13,46.8
9,14,50.4
9,15,49.5
9,16,49.5
9,17,53.1
9,18,54
9,19,54
9,20,50.4
9,21,48.6
9,22,54
9,23,53.1
9,24,57.6
9,25,60.3
9,26,62.1
9,27,66.6
9,28,62.1
9,29,63.9
9,30,66.6
9,31,67.5
9,32,74.7
9,33,73.8
9,34,73.8
9,35,72
9,36,73.8
9,37,79.2
9,38,77.4
9,39,81
9,40,81.9
9,5,47.7
9,6,46.8
9,7,47.7
9,8,46.8
9,9,48.6
9,10,51.3
9,11,52.2
9,12,45
9,13,47.7
9,14,46.8
9,15,47.7
9,16,48.6
9,17,48.6
9,18,45
9,19,46.8
9,20,47.7
9,21,54.9
9,22,51.3
9,23,56.7
9,24,57.6
9,25,63
9,26,62.1
9,27,57.6
9,28,63
9,29,70.2
9,30,67.5
9,31,67.5
9,32,71.1
9,33,72
9,34,74.7
9,35,72
9,36,77.4
9,37,82.8
9,38,81.9
9,39,80.1
9,40,82.8
10,5,47.2
10,6,40.8
10,7,41.6
10,8,44
10,9,40
10,10,40.8
10,11,47.2
10,12,47.2
10,13,44.8
10,14,40.8
10,15,40.8
10,16,43.2
10,17,46.4
10,18,40.8
10,19,42.4
10,20,48
10,21,47.2
10,22,51.2
10,23,45.6
10,24,52
10,25,53.6
10,26,53.6
10,27,57.6
10,28,60.8
10,29,59.2
10,30,61.6
10,31,59.2
10,32,65.6
10,33,60.8
10,34,68.8
10,35,70.4
10,36,65.6
10,37,71.2
10,38,70.4
10,39,74.4
10,40,70.4
10,5,44
10,6,44.8
10,7,41.6
10,8,44
10,9,44
10,10,46.4
10,11,42.4
10,12,40.8
10,13,44
10,14,42.4
10,15,47.2
10,16,47.2
10,17,40.8
10,18,48
10,19,46.4
10,20,44
10,21,41.6
10,22,50.4
10,23,46.4
10,24,48
10,25,51.2
10,26,50.4
10,27,56.8
10,28,53.6
10,29,57.6
10,30,62.4
10,31,64
10,32,66.4
10,33,60.8
10,34,64.8
10,35,71.2
10,36,71.2
10,37,70.4
10,38,68.8
10,39,72.8
10,40,75.2
10,5,41.6
10,6,44.8
10,7,40
10,8,40.8
10,9,44
10,10,42.4
10,11,43.2
10,12,40
10,13,41.6
10,14,44.8
10,15,45.6
10,16,42.4
10,17,43.2
10,18,44.8
10,19,40.8
10,20,48
10,21,48
10,22,48.8
10,23,45.6
10,24,52.8
10,25,48
10,26,52
10,27,57.6
10,28,53.6
10,29,55.2
10,30,62.4
10,31,63.2
10,32,60
10,33,64.8
10,34,65.6
10,35,65.6
10,36,69.6
10,37,70.4
10,38,73.6
10,39,70.4
10,40,72.8
10,5,40.8
10,6,44
10,7,41.6
10,8,45.6
10,9,44
10,10,42.4
10,11,40
10,12,44
10,13,46.4
10,14,40.8
10,15,48
10,16,45.6
10,17,44
10,18,45.6
10,19,42.4
10,20,48
10,21,48.8
10,22,44
10,23,49.6
10,24,52.8
10,25,48.8
10,26,53.6
10,27,56
10,28,56
10,29,56
10,30,62.4
10,31,57.6
10,32,60.8
10,33,62.4
10,34,64
10,35,65.6
10,36,72
10,37,70.4
10,38,72.8
10,39,74.4
10,40,74.4
10,5,45.6
10,6,45.6
10,7,46.4
10,8,43.2
10,9,45.6
10,10,44.8
10,11,43.2
10,12,47.2
10,13,40
10,14,46.4
10,15,42.4
10,16,46.4
10,17,40
10,18,47.2
10,19,43.2
10,20,47.2
10,21,45.6
10,22,49.6
10,23,50.4
10,24,52.8
10,25,54.4
10,26,51.2
10,27,57.6
10,28,53.6
10,29,56
10,30,63.2
10,31,64
10,32,64.8
10,33,66.4
10,34,67.2
10,35,69.6
10,36,65.6
10,37,68.8
10,38,73.6
10,39,70.4
10,40,72
10,5,45.6
10,6,44.8
10,7,46.4
10,8,45.6
10,9,40.8
10,10,40.8
10,11,40
10,12,41.6
10,13,40
10,14,44
10,15,42.4
10,16,48
10,17,46.4
10,18,40
10,19,40.8
10,20,43.2
10,21,45.6
10,22,44.8
10,23,50.4
10,24,47.2
10,25,52
10,26,50.4
10,27,58.4
10,28,53.6
10,29,57.6
10,30,56
10,31,61.6
10,32,63.2
10,33,64
10,34,62.4
10,35,72
10,36,71.2
10,37,71.2
10,38,73.6
10,39,69.6
10,40,75.2
10,5,47.2
10,6,40.8
10,7,47.2
10,8,43.2
10,9,46.4
10,10,44.8
10,11,44
10,12,42.4
10,13,43.2
10,14,46.4
10,15,44.8
10,16,44
10,17,45.6
10,18,47.2
10,19,46.4
10,20,46.4
10,21,44.8
10,22,44.8
10,23,52.8
10,24,54.4
10,25,52.8
10,26,53.6
10,27,56
10,28,54.4
10,29,62.4
10,30,56
10,31,60
10,32,63.2
10,33,65.6
10,34,66.4
10,35,67.2
10,36,69.6
10,37,72
10,38,68.8
10,39,74.4
10,40,72.8
10,5,44.8
10,6,47.2
10,7,45.6
10,8,40.8
10,9,44
10,10,40.8
10,11,40.8
10,12,40.8
10,13,46.4
10,14,41.6
10,15,44
10,16,47.2
10,17,45.6
10,18,44.8
10,19,42.4
10,20,45.6
10,21,43.2
10,22,50.4
10,23,49.6
10,24,54.4
10,25,54.4
10,26,50.4
10,27,55.2
10,28,59.2
10,29,59.2
10,30,61.6
10,31,64
10,32,64.8
10,33,63.2
10,34,68.8
10,35,64
10,36,69.6
10,37,70.4
10,38,68.8
10,39,69.6
10,40,75.2
10,5,40.8
10,6,41.6
10,7,41.6
10,8,47.2
10,9,44.8
10,10,44
10,11,42.4
10,12,44
10,13,44.8
10,14,41.6
10,15,46.4
10,16,43.2
10,17,40
10,18,42.4
10,19,44.8
10,20,45.6
10,21,45.6
10,22,44
10,23,48.8
10,24,46.4
10,25,55.2
10,26,56
10,27,59.2
10,28,56
10,29,57.6
10,30,62.4
10,31,63.2
10,32,64.8
10,33,65.6
10,34,68.8
10,35,64
10,36,68
10,37,72.8
10,38,71.2
10,39,70.4
10,40,70.4
10,5,44
10,6,43.2
10,7,40.8
10,8,44
10,9,44
10,10,48
10,11,41.6
10,12,42.4
10,13,48
10,14,47.2
10,15,48
10,16,47.2
10,17,45.6
10,18,41.6
10,19,44
10,20,45.6
10,21,48.8
10,22,47.2
10,23,51.2
10,24,54.4
10,25,55.2
10,26,54.4
10,27,55.2
10,28,60
10,29,57.6
10,30,63.2
10,31,62.4
10,32,60.8
10,33,63.2
10,34,70.4
10,35,71.2
10,36,69.6
10,37,73.6
10,38,72.8
10,39,71.2
10,40,74.4
11,5,38.5
11,6,42
11,7,41.3
11,8,39.2
11,9,41.3
11,10,35
11,11,40.6
11,12,40.6
11,13,39.9
11,14,37.8
11,15,42
11,16,37.8
11,17,39.9
11,18,40.6
11,19,42
11,20,37.8
11,21,43.4
11,22,38.5
11,23,41.3
11,24,46.9
11,25,44.8
11,26,46.9
11,27,51.1
11,28,46.9
11,29,53.9
11,30,49.7
11,31,50.4
11,32,53.9
11,33,57.4
11,34,57.4
11,35,63
11,36,60.9
11,37,60.9
11,38,62.3
11,39,62.3
11,40,63.7
11,5,41.3
11,6,35.7
11,7,39.2
11,8,37.1
11,9,39.2
11,10,37.8
11,11,35.7
11,12,39.9
11,13,39.2
11,14,39.9
11,15,39.9
11,16,35
11,17,35.7
11,18,37.1
11,19,39.9
11,20,37.8
11,21,37.1
11,22,41.3
11,23,46.2
11,24,41.3
11,25,43.4
11,26,49.7
11,27,49.7
11,28,52.5
11,29,51.1
11,30,55.3
11,31,53.9
11,32,58.8
11,33,56.7
11,34,58.8
11,35,58.1
11,36,63
11,37,58.8
11,38,62.3
11,39,62.3
11,40,64.4
11,5,35
11,6,37.8
11,7,35
11,8,35.7
11,9,39.2
11,10,39.2
11,11,40.6
11,12,40.6
11,13,38.5
11,14,35
11,15,37.8
11,16,42
11,17,36.4
11,18,35.7
11,19,42
11,20,35.7
11,21,38.5
11,22,41.3
11,23,39.2
11,24,46.2
11,25,43.4
11,26,44.1
11,27,46.9
11,28,49.7
11,29,52.5
11,30,56
11,31,52.5
11,32,56.7
11,33,54.6
11,34,61.6
11,35,60.2
11,36,62.3
11,37,63
11,38,60.2
11,39,65.1
11,40,61.6
11,5,41.3
11,6,40.6
11,7,42
11,8,35
11,9,37.8
11,10,41.3
11,11,35
11,12,36.4
11,13,36.4
11,14,39.2
11,15,37.8
11,16,35
11,17,41.3
11,18,42
11,19,41.3
11,20,42
11,21,37.8
11,22,37.8
11,23,43.4
11,24,41.3
11,25,42
11,26,49
11,27,49
11,28,50.4
11,29,49
11,30,53.9
11,31,57.4
11,32,58.8
11,33,60.2
11,34,58.1
11,35,58.8
11,36,58.1
11,37,59.5
11,38,60.2
11,39,64.4
11,40,61.6
11,5,37.1
11,6,37.1
11,7,37.1
11,8,41.3
11,9,38.5
11,10,42
11,11,40.6
11,12,40.6
11,13,39.9
11,14,37.1
11,15,41.3
11,16,39.2
11,17,37.8
11,18,37.8
11,19,35
11,20,39.2
11,21,40.6
11,22,39.9
11,23,42.7
11,24,43.4
11,25,44.1
11,26,50.4
11,27,49
11,28,46.9
11,29,49
11,30,50.4
11,31,56.7
11,32,53.9
11,33,60.2
11,34,57.4
11,35,62.3
11,36,59.5
11,37,61.6
11,38,61.6
11,39,64.4
11,40,62.3
11,5,35
11,6,35.7
11,7,35
11,8,39.9
11,9,39.9
11,10,39.2
11,11,39.2
11,12,38.5
11,13,35.7
11,14,37.1
11,15,39.2
11,16,38.5
11,17,37.8
11,18,37.8
11,19,37.1
11,20,37.1
11,21,43.4
11,22,39.9
11,23,44.8
11,24,41.3
11,25,47.6
11,26,50.4
11,27,46.2
11,28,52.5
11,29,51.1
11,30,56
11,31,53.9
11,32,58.1
11,33,53.9
11,34,58.1
11,35,59.5
11,36,57.4
11,37,58.8
11,38,62.3
11,39,64.4
11,40,61.6
11,5,37.8
11,6,35.7
11,7,35.7
11,8,41.3
11,9,35.7
11,10,39.2
11,11,35
11,12,38.5
11,13,36.4
11,14,39.2
11,15,36.4
11,16,36.4
11,17,41.3
11,18,39.2
11,19,37.1
11,20,37.1
11,21,36.4
11,22,43.4
11,23,40.6
11,24,45.5
11,25,42.7
11,26,48.3
11,27,44.8
11,28,51.1
11,29,50.4
11,30,51.8
11,31,54.6
11,32,55.3
11,33,56
11,34,56
11,35,58.8
11,36,61.6
11,37,58.8
11,38,61.6
11,39,65.1
11,40,65.8
11,5,40.6
11,6,39.9
11,7,39.2
11,8,37.8
11,9,40.6
11,10,39.2
11,11,39.2
11,12,37.1
11,13,37.8
11,14,38.5
11,15,41.3
11,16,37.8
11,17,37.1
11,18,41.3
11,19,37.8
11,20,35.7
11,21,43.4
11,22,39.9
11,23,40.6
11,24,41.3
11,25,44.8
11,26,46.9
11,27,45.5
11,28,48.3
11,29,51.1
11,30,56
11,31,53.9
11,32,57.4
11,33,58.1
11,34,55.3
11,35,56.7
11,36,57.4
11,37,64.4
11,38,60.2
11,39,62.3
11,40,61.6
11,5,37.8
11,6,35.7
11,7,42
11,8,37.8
11,9,37.1
11,10,37.1
11,11,35
11,12,39.2
11,13,40.6
11,14,39.9
11,15,35
11,16,42
11,17,35
11,18,38.5
11,19,38.5
11,20,35
11,21,38.5
11,22,39.2
11,23,43.4
11,24,44.8
11,25,44.1
11,26,46.9
11,27,46.9
11,28,46.2
11,29,51.1
11,30,49
11,31,51.1
11,32,58.1
11,33,59.5
11,34,55.3
11,35,60.9
11,36,61.6
11,37,61.6
11,38,64.4
11,39,61.6
11,40,62.3
11,5,40.6
11,6,41.3
11,7,39.2
11,8,42
11,9,39.2
11,10,42
11,11,41.3
11,12,41.3
11,13,42
11,14,39.9
11,15,35
11,16,35.7
11,17,35.7
11,18,40.6
11,19,40.6
11,20,39.2
11,21,42
11,22,42.7
11,23,41.3
11,24,44.8
11,25,44.8
11,26,50.4
11,27,46.9
11,28,49.7
11,29,49.7
11,30,51.8
11,31,54.6
11,32,51.8
11,33,54.6
11,34,54.6
11,35,63
11,36,57.4
11,37,63.7
11,38,64.4
11,39,65.1
11,40,61.6
12,5,31.2
12,6,35.4
12,7,31.8
12,8,32.4
12,9,34.2
12,10,30.6
12,11,30
12,12,34.8
12,13,33
12,14,30.6
12,15,30.6
12,16,31.8
12,17,30.6
12,18,31.8
12,19,35.4
12,20,33.6
12,21,34.2
12,22,33
12,23,35.4
12,24,35.4
12,25,36
12,26,41.4
12,27,40.2
12,28,45
12,29,46.2
12,30,42
12,31,49.2
12,32,46.2
12,33,48.6
12,34,49.2
12,35,49.2
12,36,54
12,37,50.4
12,38,54.6
12,39,55.2
12,40,52.8
12,5,33
12,6,30
12,7,34.2
12,8,30.6
12,9,30
12,10,32.4
12,11,31.2
12,12,33
12,13,31.2
12,14,33.6
12,15,31.2
12,16,32.4
12,17,33
12,18,31.2
12,19,30
12,20,36
12,21,31.8
12,22,32.4
12,23,39
12,24,37.2
12,25,39
12,26,40.8
12,27,42.6
12,28,40.2
12,29,43.8
12,30,47.4
12,31,45.6
12,32,49.8
12,33,49.8
12,34,47.4
12,35,51.6
12,36,49.8
12,37,52.8
12,38,53.4
12,39,54
12,40,56.4
12,5,36
12,6,36
12,7,30
12,8,30
12,9,31.8
12,10,33
12,11,30
12,12,31.2
12,13,36
12,14,33.6
12,15,36
12,16,33.6
12,17,30
12,18,33.6
12,19,36
12,20,30.6
12,21,36.6
12,22,35.4
12,23,34.8
12,24,40.2
12,25,38.4
12,26,37.2
12,27,40.8
12,28,40.2
12,29,42
12,30,42.6
12,31,46.8
12,32,50.4
12,33,46.2
12,34,50.4
12,35,52.8
12,36,52.8
12,37,54.6
12,38,52.2
12,39,54.6
12,40,52.8
12,5,33.6
12,6,30.6
12,7,31.8
12,8,31.2
12,9,36
12,10,31.8
12,11,33
12,12,32.4
12,13,33
12,14,34.2
12,15,32.4
12,16,34.8
12,17,33.6
12,18,34.2
12,19,31.2
12,20,34.8
12,21,34.8
12,22,34.2
12,23,39.6
12,24,39.6
12,25,42
12,26,42.6
12,27,39
12,28,43.8
12,29,40.8
12,30,46.8
12,31,49.2
12,32,45.6
12,33,46.2
12,34,51.6
12,35,49.2
12,36,53.4
12,37,52.8
12,38,54.6
12,39,54
12,40,52.8
12,5,30.6
12,6,34.8
12,7,31.2
12,8,33.6
12,9,36
12,10,34.8
12,11,33.6
12,12,35.4
12,13,34.2
12,14,30
12,15,30.6
12,16,35.4
12,17,35.4
12,18,31.2
12,19,33
12,20,31.8
12,21,31.2
12,22,36.6
12,23,38.4
12,24,39.6
12,25,36
12,26,43.2
12,27,44.4
12,28,43.2
12,29,42.6
12,30,45.6
12,31,43.8
12,32,48
12,33,48
12,34,49.2
12,35,52.8
12,36,52.8
12,37,55.2
12,38,54
12,39,52.8
12,40,54.6
12,5,31.2
12,6,34.8
12,7,30
12,8,33.6
12,9,31.2
12,10,34.8
12,11,30.6
12,12,30.6
12,13,30.6
12,14,33
12,15,31.8
12,16,36
12,17,31.8
12,18,30
12,19,30
12,20,33
12,21,33
12,22,36
12,23,39.6
12,24,36
12,25,38.4
12,26,37.2
12,27,43.8
12,28,39.6
12,29,42.6
12,30,45.6
12,31,45.6
12,32,50.4
12,33,51
12,34,47.4
12,35,51
12,36,54
12,37,50.4
12,38,51.6
12,39,55.8
12,40,52.8
12,5,34.2
12,6,31.8
12,7,34.2
12,8,36
12,9,33.6
12,10,33
12,11,31.2
12,12,33
12,13,34.8
12,14,30.6
12,15,32.4
12,16,30
12,17,31.8
12,18,35.4
12,19,35.4
12,20,30.6
12,21,31.2
12,22,38.4
12,23,38.4
12,24,37.2
12,25,36
12,26,41.4
12,27,42
12,28,43.8
12,29,41.4
12,30,42
12,31,44.4
12,32,48.6
12,33,46.8
12,34,52.2
12,35,51
12,36,49.2
12,37,52.8
12,38,52.2
12,39,52.8
12,40,56.4
12,5,31.8
12,6,35.4
12,7,34.2
12,8,34.2
12,9,33
12,10,30.6
12,11,31.2
12,12,31.8
12,13,33
12,14,35.4
12,15,31.2
12,16,35.4
12,17,30.6
12,18,33.6
12,19,32.4
12,20,35.4
12,21,35.4
12,22,34.8
12,23,36.6
12,24,36
12,25,38.4
12,26,43.2
12,27,41.4
12,28,41.4
12,29,45.6
12,30,45
12,31,46.8
12,32,50.4
12,33,48.6
12,34,48
12,35,50.4
12,36,52.8
12,37,54
12,38,54.6
12,39,54.6
12,40,54
12,5,31.8
12,6,35.4
12,7,33
12,8,34.2
12,9,33.6
12,10,35.4
12,11,31.8
12,12,33.6
12,13,32.4
12,14,34.8
12,15,34.2
12,16,32.4
12,17,36
12,18,33
12,19,32.4
12,20,33.6
12,21,31.2
12,22,35.4
12,23,36
12,24,39.6
12,25,42
12,26,40.2
12,27,43.2
12,28,45.6
12,29,41.4
12,30,43.8
12,31,48
12,32,50.4
12,33,49.2
12,34,51
12,35,50.4
12,36,49.2
12,37,51.6
12,38,55.2
12,39,52.2
12,40,55.2
12,5,36
12,6,31.8
12,7,32.4
12,8,33.6
12,9,33.6
12,10,30
12,11,33.6
12,12,31.2
12,13,30
12,14,30
12,15,34.2
12,16,36
12,17,30.6
12,18,35.4
12,19,33
12,20,33.6
12,21,36.6
12,22,36.6
12,23,36
12,24,39
12,25,36
12,26,38.4
12,27,38.4
12,28,44.4
12,29,44.4
12,30,42
12,31,43.2
12,32,48
12,33,46.8
12,34,46.8
12,35,52.8
12,36,54
12,37,54.6
12,38,54
12,39,52.2
12,40,55.2
13,5,30.6
13,6,33
13,7,30
13,8,34.8
13,9,32.4
13,10,30
13,11,33
13,12,34.8
13,13,31.2
13,14,33.6
13,15,33
13,16,34.2
13,17,33
13,18,34.2
13,19,31.2
13,20,34.8
13,21,33.6
13,22,34.8
13,23,38.4
13,24,40.2
13,25,36.6
13,26,37.2
13,27,41.4
13,28,40.8
13,29,42
13,30,43.2
13,31,48
13,32,49.2
13,33,46.8
13,34,50.4
13,35,52.8
13,36,49.2
13,37,55.2
13,38,53.4
13,39,54
13,40,55.2
13,5,32.4
13,6,31.8
13,7,30.6
13,8,31.8
13,9,31.2
13,10,36
13,11,34.2
13,12,34.8
13,13,30.6
13,14,30
13,15,31.8
13,16,32.4
13,17,36
13,18,36
13,19,34.8
13,20,31.8
13,21,36
13,22,33.6
13,23,37.2
13,24,40.8
13,25,37.2
13,26,40.8
13,27,44.4
13,28,42
13,29,44.4
13,30,44.4
13,31,47.4
13,32,46.8
13,33,46.2
13,34,47.4
13,35,51.6
13,36,50.4
13,37,50.4
13,38,51.6
13,39,54
13,40,55.8
13,5,33
13,6,34.2
13,7,31.2
13,8,32.4
13,9,32.4
13,10,34.8
13,11,31.8
13,12,33.6
13,13,33.6
13,14,30
13,15,31.2
13,16,34.2
13,17,31.8
13,18,34.8
13,19,34.2
13,20,35.4
13,21,32.4
13,22,35.4
13,23,37.8
13,24,40.2
13,25,38.4
13,26,40.2
13,27,39
13,28,44.4
13,29,46.2
13,30,43.8
13,31,49.2
13,32,49.8
13,33,46.2
13,34,52.2
13,35,49.8
13,36,50.4
13,37,53.4
13,38,52.8
13,39,54
13,40,55.2
13,5,35.4
13,6,34.8
13,7,32.4
13,8,31.8
13,9,34.8
13,10,34.2
13,11,31.8
13,12,33
13,13,36
13,14,34.2
13,15,33
13,16,33.6
13,17,36
13,18,34.8
13,19,32.4
13,20,31.8
13,21,34.8
13,22,32.4
13,23,34.8
13,24,40.2
13,25,36.6
13,26,37.2
13,27,41.4
13,28,42
13,29,41.4
13,30,48
13,31,45
13,32,45
13,33,46.8
13,34,48.6
13,35,52.8
13,36,53.4
13,37,54.6
13,38,54.6
13,39,54.6
13,40,54
13,5,33.6
13,6,30.6
13,7,31.8
13,8,30
13,9,33
13,10,35.4
13,11,33
13,12,33
13,13,36
13,14,30.6
13,15,33.6
13,16,33
13,17,35.4
13,18,34.2
13,19,30.6
13,20,31.8
13,21,36
13,22,33
13,23,37.8
13,24,39
13,25,40.2
13,26,41.4
13,27,39
13,28,40.2
13,29,44.4
13,30,45
13,31,44.4
13,32,49.2
13,33,46.8
13,34,49.8
13,35,49.2
13,36,49.8
13,37,51
13,38,52.8
13,39,54
13,40,55.2
13,5,35.4
13,6,33
13,7,31.8
13,8,30.6
13,9,33.6
13,10,34.2
13,11,36
13,12,30.6
13,13,36
13,14,33
13,15,36
13,16,33.6
13,17,34.2
13,18,30.6
13,19,35.4
13,20,30
13,21,36
13,22,32.4
13,23,38.4
13,24,40.8
13,25,37.8
13,26,40.8
13,27,39
13,28,44.4
13,29,44.4
13,30,43.2
13,31,44.4
13,32,48.6
13,33,49.2
13,34,47.4
13,35,52.8
13,36,52.2
13,37,52.2
13,38,51.6
13,39,54.6
13,40,55.8
13,5,31.2
13,6,35.4
13,7,31.8
13,8,33.6
13,9,30.6
13,10,36
13,11,30.6
13,12,34.8
13,13,30
13,14,30
13,15,34.8
13,16,30
13,17,30
13,18,32.4
13,19,31.2
13,20,32.4
13,21,31.8
13,22,37.8
13,23,36
13,24,39.6
13,25,42
13,26,40.2
13,27,44.4
13,28,45.6
13,29,41.4
13,30,43.2
13,31,46.8
13,32,48
13,33,47.4
13,34,51
13,35,50.4
13,36,49.2
13,37,55.2
13,38,54
13,39,55.8
13,40,53.4
13,5,35.4
13,6,31.2
13,7,30.6
13,8,33.6
13,9,34.8
13,10,35.4
13,11,33
13,12,33.6
13,13,32.4
13,14,34.8
13,15,33.6
13,16,31.2
13,17,34.2
13,18,33.6
13,19,34.2
13,20,30.6
13,21,37.2
13,22,33
13,23,34.2
13,24,39
13,25,40.2
13,26,40.8
13,27,42.6
13,28,45
13,29,43.8
13,30,43.8
13,31,48
13,32,49.2
13,33,51
13,34,51.6
13,35,49.8
13,36,54
13,37,52.2
13,38,54.6
13,39,53.4
13,40,55.8
13,5,33.6
13,6,36
13,7,30
13,8,32.4
13,9,34.2
13,10,35.4
13,11,36
13,12,31.2
13,13,30
13,14,32.4
13,15,34.2
13,16,34.8
13,17,31.8
13,18,31.2
13,19,31.2
13,20,31.8
13,21,33
13,22,36
13,23,34.2
13,24,36
13,25,37.2
13,26,40.8
13,27,44.4
13,28,40.8
13,29,42.6
13,30,45.6
13,31,48.6
13,32,49.8
13,33,48.6
13,34,46.8
13,35,51
13,36,54
13,37,51
13,38,52.8
13,39,54.6
13,40,54.6
13,5,32.4
13,6,36
13,7,31.8
13,8,32.4
13,9,36
13,10,33
13,11,34.2
13,12,36
13,13,31.8
13,14,30.6
13,15,31.2
13,16,31.2
13,17,30
13,18,30.6
13,19,32.4
13,20,30
13,21,31.2
13,22,34.8
13,23,34.2
13,24,40.2
13,25,36.6
13,26,37.8
13,27,41.4
13,28,45.6
13,29,41.4
13,30,48
13,31,45.6
13,32,44.4
13,33,48.6
13,34,48.6
13,35,52.8
13,36,49.8
13,37,54
13,38,54.6
13,39,52.8
13,40,56.4
14,5,30
14,6,30
14,7,26
14,8,28.5
14,9,25.5
14,10,27.5
14,11,26
14,12,26
14,13,29.5
14,14,29.5
14,15,29
14,16,30
14,17,29
14,18,27.5
14,19,25.5
14,20,30
14,21,27.5
14,22,27.5
14,23,33
14,24,31
14,25,33
14,26,31
14,27,34
14,28,34.5
14,29,38.5
14,30,39
14,31,36.5
14,32,39.5
14,33,38.5
14,34,41.5
14,35,44.5
14,36,42.5
14,37,42
14,38,46
14,39,45.5
14,40,46
14,5,30
14,6,25
14,7,28.5
14,8,29
14,9,26.5
14,10,27
14,11,27
14,12,30
14,13,28
14,14,26.5
14,15,27.5
14,16,28
14,17,30
14,18,27.5
14,19,25
14,20,28
14,21,30
14,22,27.5
14,23,31.5
14,24,30
14,25,33
14,26,36
14,27,36.5
14,28,37.5
14,29,35.5
14,30,37.5
14,31,37.5
14,32,38.5
14,33,39.5
14,34,44
14,35,43
14,36,44.5
14,37,46
14,38,46
14,39,45.5
14,40,45.5
14,5,27
14,6,26.5
14,7,28
14,8,28
14,9,28
14,10,25.5
14,11,28
14,12,28.5
14,13,26
14,14,27.5
14,15,25.5
14,16,29
14,17,30
14,18,26.5
14,19,28.5
14,20,29
14,21,30.5
14,22,31.5
14,23,30
14,24,29
14,25,33.5
14,26,35
14,27,34.5
14,28,34.5
14,29,35.5
14,30,38
14,31,39
14,32,40
14,33,41.5
14,34,42.5
14,35,40
14,36,45
14,37,42.5
14,38,44.5
14,39,44
14,40,46.5
14,5,25.5
14,6,27
14,7,27
14,8,29
14,9,29.5
14,10,25
14,11,26.5
14,12,30
14,13,29
14,14,26
14,15,27
14,16,28
14,17,29
14,18,27
14,19,30
14,20,27.5
14,21,29.5
14,22,27
14,23,31
14,24,29
14,25,33
14,26,31
14,27,33.5
14,28,36
14,29,36.5
14,30,38.5
14,31,40.5
14,32,42
14,33,41
14,34,43
14,35,44.5
14,36,44.5
14,37,42.5
14,38,43
14,39,43.5
14,40,46
14,5,25.5
14,6,26
14,7,25
14,8,26
14,9,29
14,10,27
14,11,27
14,12,28
14,13,26.5
14,14,25
14,15,28
14,16,29.5
14,17,29
14,18,30
14,19,28
14,20,29.5
14,21,27.5
14,22,27
14,23,28.5
14,24,34
14,25,33
14,26,36
14,27,34.5
14,28,36
14,29,37.5
14,30,35
14,31,39
14,32,40.5
14,33,41.5
14,34,43
14,35,42.5
14,36,42
14,37,42.5
14,38,45.5
14,39,43.5
14,40,45.5
14,5,27
14,6,26.5
14,7,25
14,8,28
14,9,26
14,10,30
14,11,25
14,12,26
14,13,25.5
14,14,28
14,15,28
14,16,25
14,17,26.5
14,18,28
14,19,27.5
14,20,27.5
14,21,29.5
14,22,27
14,23,28.5
14,24,29
14,25,34.5
14,26,33.5
14,27,34
14,28,38
14,29,37.5
14,30,39.5
14,31,36.5
14,32,41.5
14,33,40
14,34,42.5
14,35,44
14,36,43.5
14,37,45.5
14,38,44
14,39,46
14,40,44.5
14,5,28
14,6,30
14,7,27
14,8,30
14,9,27.5
14,10,26
14,11,30
14,12,27.5
14,13,28
14,14,28
14,15,28
14,16,29
14,17,25.5
14,18,26
14,19,26.5
14,20,25.5
14,21,30.5
14,22,28.5
14,23,31
14,24,33.5
14,25,33
14,26,35.5
14,27,35.5
14,28,33
14,29,35.5
14,30,38
14,31,38
14,32,42
14,33,42.5
14,34,44
14,35,40.5
14,36,42.5
14,37,42
14,38,44
14,39,43.5
14,40,47
14,5,27
14,6,27
14,7,28
14,8,25.5
14,9,28.5
14,10,29.5
14,11,30
14,12,28
14,13,27
14,14,26
14,15,29
14,16,27
14,17,27
14,18,27.5
14,19,27.5
14,20,29.5
14,21,29
14,22,29
14,23,31
14,24,29.5
14,25,34.5
14,26,32
14,27,34
14,28,36
14,29,35.5
14,30,38.5
14,31,40.5
14,32,37
14,33,40
14,34,39.5
14,35,43
14,36,44
14,37,45.5
14,38,44
14,39,46.5
14,40,46.5
14,5,26
14,6,26.5
14,7,25.5
14,8,25
14,9,25.5
14,10,27
14,11,30
14,12,29.5
14,13,28.5
14,14,28
14,15,29.5
14,16,27
14,17,27
14,18,29.5
14,19,25
14,20,28.5
14,21,28
14,22,28.5
14,23,28.5
14,24,32.5
14,25,30.5
14,26,32.5
14,27,36.5
14,28,37.5
14,29,36.5
14,30,37
14,31,36.5
14,32,37
14,33,38
14,34,42
14,35,40
14,36,41.5
14,37,44.5
14,38,43.5
14,39,45.5
14,40,46
14,5,25
14,6,27
14,7,29.5
14,8,26.5
14,9,29.5
14,10,29.5
14,11,25.5
14,12,30
14,13,28
14,14,27
14,15,26.5
14,16,26
14,17,25.5
14,18,30
14,19,27.5
14,20,29.5
14,21,30.5
14,22,29.5
14,23,32.5
14,24,33
14,25,34
14,26,33
14,27,35
14,28,36
14,29,39
14,30,35.5
14,31,38
14,32,39
14,33,41.5
14,34,41
14,35,44.5
14,36,41
14,37,42.5
14,38,45
14,39,44
14,40,44.5
15,5,30
15,6,28
15,7,30
15,8,27
15,9,26.5
15,10,28.5
15,11,29
15,12,27
15,13,25
15,14,28
15,15,25
15,16,26
15,17,30
15,18,30
15,19,29.5
15,20,28
15,21,31
15,22,30.5
15,23,28.5
15,24,33
15,25,33
15,26,35.5
15,27,32.5
15,28,36
15,29,39
15,30,39.5
15,31,41
15,32,42
15,33,39.5
15,34,40
15,35,41.5
15,36,42
15,37,44.5
15,38,43
15,39,46.5
15,40,45.5
15,5,28.5
15,6,25.5
15,7,26.5
15,8,25.5
15,9,28
15,10,29.5
15,11,29.5
15,12,30
15,13,26
15,14,29.5
15,15,29.5
15,16,26.5
15,17,26.5
15,18,28
15,19,28
15,20,27
15,21,31
15,22,32
15,23,31.5
15,24,33.5
15,25,33
15,26,31
15,27,36.5
15,28,33.5
15,29,34
15,30,40
15,31,38.5
15,32,40.5
15,33,40.5
15,34,43.5
15,35,44
15,36,43.5
15,37,44
15,38,44
15,39,46.5
15,40,44
15,5,25.5
15,6,27.5
15,7,26
15,8,28.5
15,9,25
15,10,28
15,11,29.5
15,12,26.5
15,13,26
15,14,28.5
15,15,25.5
15,16,29
15,17,25
15,18,27.5
15,19,27.5
15,20,30
15,21,29
15,22,27
15,23,33
15,24,29.5
15,25,32.5
15,26,34.5
15,27,32.5
15,28,34.5
15,29,34
15,30,37
15,31,40.5
15,32,40
15,33,41
15,34,42.5
15,35,45
15,36,45
15,37,46
15,38,44.5
15,39,46
15,40,44.5
15,5,30
15,6,27.5
15,7,28
15,8,25
15,9,26
15,10,28.5
15,11,28
15,12,26.5
15,13,28
15,14,25.5
15,15,28
15,16,29
15,17,30
15,18,26
15,19,26.5
15,20,28.5
15,21,28.5
15,22,27
15,23,28.5
15,24,33.5
15,25,31.5
15,26,35
15,27,32.5
15,28,33
15,29,35.5
15,30,38.5
15,31,40.5
15,32,39
15,33,38
15,34,43.5
15,35,40
15,36,42.5
15,37,44
15,38,45.5
15,39,43.5
15,40,47
15,5,28.5
15,6,29
15,7,27
15,8,26
15,9,26.5
15,10,27
15,11,25
15,12,30
15,13,28
15,14,26.5
15,15,28.5
15,16,25.5
15,17,26.5
15,18,25.5
15,19,25
15,20,26
15,21,30
15,22,31
15,23,30
15,24,32.5
15,25,32.5
15,26,35.5
15,27,32
15,28,38
15,29,36
15,30,37.5
15,31,37.5
15,32,42
15,33,42.5
15,34,43.5
15,35,43.5
15,36,41.5
15,37,45.5
15,38,43.5
15,39,46
15,40,44
15,5,29.5
15,6,29.5
15,7,25
15,8,29.5
15,9,27.5
15,10,27
15,11,30
15,12,25.5
15,13,26
15,14,28.5
15,15,30
15,16,30
15,17,25.5
15,18,30
15,19,29
15,20,26
15,21,30.5
15,22,29.5
15,23,30
15,24,33.5
15,25,33.5
15,26,33
15,27,37
15,28,33
15,29,36
15,30,37
15,31,39.5
15,32,38
15,33,42.5
15,34,42.5
15,35,45
15,36,43.5
15,37,44
15,38,43
15,39,44.5
15,40,46.5
15,5,29.5
15,6,26.5
15,7,27.5
15,8,29
15,9,30
15,10,29
15,11,26
15,12,26
15,13,29
15,14,25
15,15,29
15,16,28
15,17,29
15,18,26
15,19,27
15,20,28
15,21,27
15,22,31.5
15,23,29.5
15,24,30
15,25,35
15,26,34.5
15,27,34
15,28,34.5
15,29,36
15,30,35
15,31,37
15,32,38
15,33,40.5
15,34,42.5
15,35,43
15,36,42.5
15,37,46
15,38,44
15,39,44
15,40,45
15,5,27.5
15,6,29
15,7,30
15,8,28
15,9,25
15,10,26
15,11,27.5
15,12,27
15,13,29.5
15,14,26
15,15,27.5
15,16,30
15,17,30
15,18,29
15,19,25
15,20,25.5
15,21,26.5
15,22,32
15,23,28.5
15,24,34
15,25,35
15,26,35
15,27,35.5
15,28,36.5
15,29,34.5
15,30,37
15,31,36.5
15,32,37.5
15,33,42
15,34,40.5
15,35,42
15,36,44
15,37,43.5
15,38,45
15,39,44.5
15,40,45
15,5,27.5
15,6,25.5
15,7,29.5
15,8,28.5
15,9,30
15,10,25
15,11,27
15,12,28.5
15,13,25.5
15,14,26
15,15,25
15,16,25
15,17,29
15,18,25.5
15,19,26.5
15,20,28.5
15,21,27
15,22,28.5
15,23,33
15,24,29.5
15,25,33
15,26,35
15,27,32.5
15,28,36.5
15,29,37.5
15,30,35
15,31,40
15,32,41
15,33,42.5
15,34,41.5
15,35,42.5
15,36,42.5
15,37,43.5
15,38,43
15,39,46.5
15,40,46.5
15,5,26.5
15,6,29.5
15,7,25.5
15,8,29
15,9,26
15,10,28.5
15,11,26
15,12,26.5
15,13,26
15,14,25.5
15,15,27
15,16,25.5
15,17,29.5
15,18,29
15,19,30
15,20,28
15,21,30.5
15,22,32
15,23,30
15,24,33
15,25,31.5
15,26,35.5
15,27,34
15,28,37.5
15,29,34.5
15,30,40
15,31,39.5
15,32,37.5
15,33,40
15,34,43
15,35,43
15,36,42.5
15,37,42
15,38,43
15,39,46.5
15,40,46
16,5,25.5
16,6,27.5
16,7,25
16,8,27.5
16,9,26.5
16,10,26.5
16,11,29
16,12,29.5
16,13,27
16,14,29
16,15,30
16,16,27
16,17,28
16,18,26.5
16,19,25.5
16,20,28.5
16,21,30
16,22,29.5
16,23,31.5
16,24,34
16,25,33
16,26,35
16,27,35.5
16,28,35.5
16,29,39
16,30,35.5
16,31,37.5
16,32,41
16,33,42
16,34,43.5
16,35,41.5
16,36,45
16,37,42
16,38,45.5
16,39,46
16,40,44.5
16,5,28
16,6,27
16,7,30
16,8,25.5
16,9,25.5
16,10,28.5
16,11,25.5
16,12,25
16,13,29
16,14,25
16,15,29
16,16,29
16,17,27
16,18,28
16,19,27
16,20,27
16,21,26.5
16,22,30.5
16,23,29
16,24,34
16,25,33
16,26,35.5
16,27,35.5
16,28,37
16,29,39
16,30,38.5
16,31,39
16,32,38.5
16,33,39
16,34,39.5
16,35,43.5
16,36,45
16,37,42.5
16,38,46
16,39,45.5
16,40,46.5
16,5,27
16,6,28.5
16,7,29
16,8,26
16,9,26
16,10,25.5
16,11,25.5
16,12,26
16,13,26
16,14,30
16,15,27.5
16,16,29
16,17,26
16,18,29
16,19,27
16,20,28
16,21,30.5
16,22,29.5
16,23,32
16,24,31.5
16,25,32.5
16,26,31
16,27,34
16,28,33
16,29,39
16,30,40
16,31,41
16,32,40
16,33,42.5
16,34,40
16,35,43.5
16,36,45
16,37,44
16,38,43.5
16,39,46.5
16,40,46.5
16,5,27.5
16,6,25
16,7,26.5
16,8,30
16,9,28
16,10,27
16,11,29.5
16,12,27.5
16,13,29
16,14,30
16,15,29.5
16,16,25.5
16,17,30
16,18,25
16,19,27
16,20,27
16,21,30
16,22,29.5
16,23,30
16,24,34
16,25,34
16,26,35.5
16,27,34.5
16,28,34.5
16,29,37
16,30,40
16,31,36
16,32,40
16,33,42
16,34,41.5
16,35,44.5
16,36,44
16,37,46
16,38,46
16,39,45
16,40,46
16,5,30
16,6,28.5
16,7,30
16,8,26.5
16,9,26
16,10,25.5
16,11,30
16,12,25
16,13,25.5
16,14,25.5
16,15,25.5
16,16,27.5
16,17,29.5
16,18,26
16,19,28.5
16,20,25
16,21,26.5
16,22,28
16,23,28
16,24,29
16,25,35
16,26,32
16,27,34
16,28,35
16,29,37.5
16,30,39
16,31,38.5
16,32,38.5
16,33,42.5
16,34,44
16,35,40.5
16,36,42
16,37,43.5
16,38,45.5
16,39,46
16,40,45
16,5,29
16,6,29.5
16,7,28.5
16,8,29.5
16,9,29.5
16,10,28.5
16,11,26
16,12,30
16,13,26.5
16,14,25.5
16,15,28.5
16,16,29
16,17,28.5
16,18,30
16,19,29
16,20,28
16,21,28
16,22,29
16,23,32
16,24,32
16,25,30
16,26,34
16,27,33.5
16,28,35
16,29,38
16,30,40
16,31,41
16,32,40.5
16,33,39
16,34,40.5
16,35,40.5
16,36,45
16,37,45.5
16,38,43
16,39,46.5
16,40,44.5
16,5,28.5
16,6,25.5
16,7,28.5
16,8,29
16,9,28
16,10,27.5
16,11,25.5
16,12,29.5
16,13,25.5
16,14,30
16,15,26.5
16,16,27.5
16,17,30
16,18,27.5
16,19,29.5
16,20,26.5
16,21,26
16,22,31
16,23,33
16,24,33
16,25,32.5
16,26,34
16,27,35
16,28,33
16,29,39
16,30,40
16,31,36
16,32,40.5
16,33,40
16,34,42.5
16,35,44
16,36,44.5
16,37,42
16,38,43.5
16,39,45
16,40,46.5
16,5,29.5
16,6,29.5
16,7,30
16,8,29.5
16,9,26
16,10,26.5
16,11,26
16,12,27.5
16,13,28.5
16,14,25
16,15,30
16,16,26
16,17,28.5
16,18,30
16,19,28
16,20,27
16,21,30.5
16,22,32
16,23,31
16,24,33
16,25,31.5
16,26,36
16,27,33.5
16,28,36
16,29,39
16,30,40
16,31,41
16,32,37.5
16,33,39
16,34,42
16,35,41
16,36,43
16,37,45
16,38,43.5
16,39,43.5
16,40,47
16,5,28.5
16,6,25
16,7,25.5
16,8,30
16,9,27.5
16,10,26
16,11,28.5
16,12,28.5
16,13,28.5
16,14,26.5
16,15,25
16,16,28.5
16,17,27.5
16,18,25.5
16,19,27
16,20,27.5
16,21,31
16,22,30.5
16,23,28
16,24,30
16,25,31
16,26,31.5
16,27,35.5
16,28,33
16,29,34
16,30,39.5
16,31,37
16,32,39
16,33,41.5
16,34,41.5
16,35,44
16,36,44.5
16,37,42
16,38,44
16,39,45
16,40,44.5
16,5,25
16,6,30
16,7,27
16,8,30
16,9,29.5
16,10,29
16,11,29.5
16,12,30
16,13,27
16,14,30
16,15,27.5
16,16,26
16,17,27.5
16,18,29
16,19,26
16,20,26.5
16,21,29.5
16,22,28
16,23,30.5
16,24,31
16,25,33
16,26,36
16,27,37
16,28,37
16,29,36.5
16,30,36
16,31,39.5
16,32,41
16,33,42.5
16,34,40
16,35,40
16,36,42
16,37,44.5
16,38,43
16,39,46.5
16,40,46.5
17,5,27.5
17,6,30.8
17,7,28.6
17,8,33
17,9,31.9
17,10,31.9
17,11,32.45
17,12,29.15
17,13,29.7
17,14,28.6
17,15,31.35
17,16,32.45
17,17,31.9
17,18,29.7
17,19,27.5
17,20,29.15
17,21,31.9
17,22,33.55
17,23,33
17,24,35.75
17,25,36.85
17,26,34.1
17,27,37.4
17,28,41.8
17,29,39.05
17,30,40.7
17,31,44
17,32,44.55
17,33,41.8
17,34,42.9
17,35,47.85
17,36,45.1
17,37,50.05
17,38,50.05
17,39,47.85
17,40,48.4
17,5,29.15
17,6,31.35
17,7,30.25
17,8,32.45
17,9,27.5
17,10,31.35
17,11,28.6
17,12,28.6
17,13,29.7
17,14,29.7
17,15,32.45
17,16,27.5
17,17,33
17,18,33
17,19,27.5
17,20,32.45
17,21,29.15
17,22,33
17,23,35.75
17,24,36.85
17,25,37.95
17,26,38.5
17,27,39.05
17,28,40.7
17,29,42.9
17,30,41.8
17,31,39.6
17,32,43.45
17,33,43.45
17,34,47.85
17,35,45.65
17,36,47.85
17,37,48.95
17,38,50.6
17,39,48.95
17,40,51.7
17,5,31.9
17,6,32.45
17,7,32.45
17,8,30.8
17,9,31.9
17,10,32.45
17,11,29.7
17,12,28.05
17,13,30.25
17,14,27.5
17,15,30.25
17,16,31.9
17,17,27.5
17,18,33
17,19,28.6
17,20,28.6
17,21,30.25
17,22,33.55
17,23,34.65
17,24,34.1
17,25,36.85
17,26,36.85
17,27,35.75
17,28,40.7
17,29,37.95
17,30,40.7
17,31,44.55
17,32,46.2
17,33,42.9
17,34,46.75
17,35,47.3
17,36,47.3
17,37,48.95
17,38,48.95
17,39,49.5
17,40,48.4
17,5,28.05
17,6,30.8
17,7,27.5
17,8,28.05
17,9,33
17,10,30.25
17,11,27.5
17,12,28.05
17,13,30.25
17,14,32.45
17,15,31.9
17,16,30.25
17,17,31.9
17,18,29.15
17,19,30.25
17,20,31.35
17,21,30.8
17,22,29.7
17,23,31.9
17,24,32.45
17,25,35.75
17,26,39.05
17,27,36.3
17,28,40.7
17,29,41.25
17,30,42.35
17,31,45.1
17,32,43.45
17,33,41.8
17,34,47.3
17,35,45.65
17,36,48.95
17,37,48.4
17,38,50.05
17,39,50.6
17,40,49.5
17,5,29.15
17,6,32.45
17,7,30.8
17,8,32.45
17,9,29.15
17,10,30.8
17,11,27.5
17,12,28.05
17,13,29.7
17,14,31.9
17,15,29.7
17,16,29.7
17,17,28.6
17,18,31.35
17,19,33
17,20,29.15
17,21,33.55
17,22,33.55
17,23,35.2
17,24,34.1
17,25,33.55
17,26,34.1
17,27,39.05
17,28,41.25
17,29,37.95
17,30,42.35
17,31,40.15
17,32,40.7
17,33,43.45
17,34,48.4
17,35,46.2
17,36,48.4
17,37,46.2
17,38,47.85
17,39,47.85
17,40,51.7
17,5,33
17,6,33
17,7,30.8
17,8,29.7
17,9,31.9
17,10,33
17,11,28.05
17,12,27.5
17,13,29.7
17,14,27.5
17,15,30.25
17,16,31.9
17,17,28.05
17,18,32.45
17,19,30.25
17,20,28.05
17,21,32.45
17,22,33.55
17,23,32.45
17,24,36.85
17,25,37.95
17,26,36.3
17,27,37.4
17,28,37.95
17,29,39.6
17,30,38.5
17,31,40.7
17,32,43.45
17,33,45.65
17,34,46.2
17,35,49.5
17,36,46.75
17,37,47.85
17,38,50.6
17,39,49.5
17,40,48.4
17,5,32.45
17,6,31.9
17,7,29.7
17,8,29.15
17,9,30.8
17,10,29.15
17,11,29.7
17,12,29.7
17,13,28.05
17,14,31.35
17,15,32.45
17,16,30.8
17,17,28.6
17,18,28.6
17,19,31.35
17,20,29.15
17,21,30.25
17,22,33.55
17,23,32.45
17,24,36.3
17,25,36.85
17,26,34.65
17,27,39.05
17,28,40.15
17,29,41.25
17,30,40.15
17,31,44
17,32,43.45
17,33,46.75
17,34,46.2
17,35,47.85
17,36,45.1
17,37,48.4
17,38,47.3
17,39,50.6
17,40,51.15
17,5,27.5
17,6,32.45
17,7,31.35
17,8,31.35
17,9,29.7
17,10,31.35
17,11,30.25
17,12,29.7
17,13,31.35
17,14,29.15
17,15,31.35
17,16,29.15
17,17,33
17,18,28.05
17,19,30.25
17,20,29.7
17,21,31.9
17,22,33
17,23,32.45
17,24,37.4
17,25,38.5
17,26,39.05
17,27,40.15
17,28,39.6
17,29,40.15
17,30,39.6
17,31,40.15
17,32,43.45
17,33,43.45
17,34,46.2
17,35,47.3
17,36,48.95
17,37,48.4
17,38,48.4
17,39,47.85
17,40,51.7
17,5,27.5
17,6,29.7
17,7,28.05
17,8,28.6
17,9,27.5
17,10,30.8
17,11,30.25
17,12,30.25
17,13,33
17,14,31.9
17,15,32.45
17,16,32.45
17,17,29.15
17,18,28.05
17,19,30.25
17,20,29.7
17,21,29.15
17,22,33
17,23,35.2
17,24,35.75
17,25,33
17,26,35.2
17,27,36.85
17,28,37.95
17,29,42.35
17,30,40.15
17,31,39.6
17,32,45.1
17,33,46.2
17,34,45.65
17,35,46.2
17,36,46.2
17,37,46.75
17,38,50.05
17,39,48.95
17,40,50.6
17,5,29.15
17,6,31.9
17,7,31.35
17,8,27.5
17,9,30.8
17,10,31.35
17,11,28.05
17,12,29.7
17,13,28.05
17,14,28.6
17,15,30.25
17,16,33
17,17,29.7
17,18,31.9
17,19,29.7
17,20,30.25
17,21,28.6
17,22,35.2
17,23,35.75
17,24,31.9
17,25,38.5
17,26,37.95
17,27,40.15
17,28,36.85
17,29,37.4
17,30,42.35
17,31,41.25
17,32,44.55
17,33,41.8
17,34,45.65
17,35,45.1
17,36,47.3
17,37,48.4
17,38,47.3
17,39,50.6
17,40,49.5
18,5,37.05
18,6,38.35
18,7,35.1
18,8,33.15
18,9,32.5
18,10,37.05
18,11,35.1
18,12,35.75
18,13,39
18,14,36.4
18,15,38.35
18,16,33.15
18,17,34.45
18,18,37.05
18,19,35.75
18,20,37.05
18,21,37.05
18,22,36.4
18,23,39
18,24,37.7
18,25,42.9
18,26,46.8
18,27,41.6
18,28,46.8
18,29,48.75
18,30,49.4
18,31,50.7
18,32,53.95
18,33,50.05
18,34,54.6
18,35,52
18,36,55.25
18,37,55.9
18,38,58.5
18,39,59.8
18,40,60.45
18,5,39
18,6,33.8
18,7,36.4
18,8,33.15
18,9,35.1
18,10,35.1
18,11,39
18,12,35.75
18,13,39
18,14,38.35
18,15,33.8
18,16,37.05
18,17,38.35
18,18,36.4
18,19,37.05
18,20,32.5
18,21,35.75
18,22,39
18,23,37.7
18,24,40.95
18,25,44.85
18,26,45.5
18,27,45.5
18,28,47.45
18,29,44.85
18,30,51.35
18,31,49.4
18,32,48.1
18,33,53.95
18,34,53.95
18,35,58.5
18,36,57.2
18,37,54.6
18,38,59.8
18,39,56.55
18,40,57.2
18,5,36.4
18,6,38.35
18,7,35.75
18,8,33.15
18,9,37.7
18,10,35.1
18,11,36.4
18,12,39
18,13,32.5
18,14,33.15
18,15,33.15
18,16,39
18,17,32.5
18,18,32.5
18,19,35.75
18,20,39
18,21,38.35
18,22,39.65
18,23,39
18,24,38.35
18,25,40.3
18,26,41.6
18,27,46.15
18,28,48.1
18,29,44.85
18,30,49.4
18,31,52
18,32,49.4
18,33,54.6
18,34,55.25
18,35,55.25
18,36,57.2
18,37,57.2
18,38,59.15
18,39,59.15
18,40,59.8
18,5,33.15
18,6,37.7
18,7,37.05
18,8,33.8
18,9,33.15
18,10,33.15
18,11,35.1
18,12,36.4
18,13,38.35
18,14,36.4
18,15,39
18,16,35.1
18,17,33.15
18,18,34.45
18,19,33.8
18,20,33.8
18,21,37.7
18,22,40.3
18,23,42.25
18,24,37.7
18,25,44.2
18,26,40.3
18,27,43.55
18,28,43.55
18,29,50.7
18,30,49.4
18,31,49.4
18,32,53.95
18,33,55.25
18,34,55.9
18,35,54.6
18,36,57.85
18,37,55.9
18,38,57.2
18,39,60.45
18,40,59.8
18,5,34.45
18,6,37.05
18,7,35.75
18,8,36.4
18,9,36.4
18,10,37.05
18,11,36.4
18,12,33.15
18,13,33.8
18,14,35.1
18,15,33.8
18,16,39
18,17,37.05
18,18,35.1
18,19,37.7
18,20,35.75
18,21,33.8
18,22,39
18,23,42.9
18,24,37.7
18,25,44.2
18,26,41.6
18,27,45.5
18,28,48.75
18,29,46.8
18,30,50.05
18,31,47.45
18,32,48.75
18,33,51.35
18,34,51.35
18,35,52.65
18,36,55.25
18,37,59.8
18,38,59.8
18,39,56.55
18,40,59.8
18,5,35.75
18,6,35.75
18,7,34.45
18,8,33.15
18,9,32.5
18,10,37.7
18,11,33.15
18,12,35.75
18,13,34.45
18,14,39
18,15,34.45
18,16,35.1
18,17,36.4
18,18,37.7
18,19,37.05
18,20,37.7
18,21,39.65
18,22,40.95
18,23,42.9
18,24,42.25
18,25,41.6
18,26,44.85
18,27,42.25
18,28,42.9
18,29,47.45
18,30,50.7
18,31,52.65
18,32,52
18,33,49.4
18,34,57.2
18,35,57.85
18,36,57.2
18,37,58.5
18,38,58.5
18,39,57.2
18,40,59.15
18,5,37.7
18,6,35.75
18,7,33.15
18,8,33.15
18,9,37.05
18,10,38.35
18,11,37.7
18,12,33.15
18,13,37.7
18,14,36.4
18,15,37.05
18,16,33.15
18,17,36.4
18,18,35.75
18,19,33.8
18,20,35.1
18,21,40.3
18,22,39.65
18,23,37.7
18,24,42.9
18,25,44.85
18,26,46.15
18,27,48.1
18,28,42.9
18,29,48.75
18,30,50.7
18,31,47.45
18,32,48.75
18,33,50.7
18,34,55.9
18,35,55.25
18,36,56.55
18,37,59.15
18,38,58.5
18,39,56.55
18,40,59.15
18,5,34.45
18,6,36.4
18,7,39
18,8,37.7
18,9,37.05
18,10,37.7
18,11,34.45
18,12,37.7
18,13,35.1
18,14,36.4
18,15,35.75
18,16,34.45
18,17,33.8
18,18,38.35
18,19,33.15
18,20,32.5
18,21,35.1
18,22,41.6
18,23,37.05
18,24,41.6
18,25,42.25
18,26,45.5
18,27,43.55
18,28,49.4
18,29,49.4
18,30,48.75
18,31,47.45
18,32,50.05
18,33,53.3
18,34,51.35
18,35,53.3
18,36,58.5
18,37,57.2
18,38,58.5
18,39,60.45
18,40,59.8
18,5,33.8
18,6,35.75
18,7,37.05
18,8,37.7
18,9,35.1
18,10,33.15
18,11,32.5
18,12,33.15
18,13,33.8
18,14,33.15
18,15,36.4
18,16,32.5
18,17,35.75
18,18,32.5
18,19,33.8
18,20,37.7
18,21,38.35
18,22,41.6
18,23,40.3
18,24,43.55
18,25,44.85
18,26,43.55
18,27,47.45
18,28,42.9
18,29,44.85
18,30,46.8
18,31,48.1
18,32,50.7
18,33,53.95
18,34,53.95
18,35,55.25
18,36,53.95
18,37,55.25
18,38,56.55
18,39,58.5
18,40,59.15
18,5,38.35
18,6,32.5
18,7,33.15
18,8,38.35
18,9,36.4
18,10,39
18,11,36.4
18,12,33.8
18,13,32.5
18,14,38.35
18,15,32.5
18,16,38.35
18,17,39
18,18,39
18,19,33.15
18,20,37.7
18,21,34.45
18,22,40.3
18,23,39
18,24,41.6
18,25,40.3
18,26,46.15
18,27,41.6
18,28,46.8
18,29,50.05
18,30,52
18,31,52
18,32,50.05
18,33,49.4
18,34,52
18,35,53.3
18,36,56.55
18,37,57.85
18,38,58.5
18,39,57.2
18,40,59.15
19,5,45.6
19,6,48
19,7,40
19,8,47.2
19,9,43.2
19,10,40
19,11,41.6
19,12,43.2
19,13,40.8
19,14,41.6
19,15,43.2
19,16,47.2
19,17,47.2
19,18,45.6
19,19,47.2
19,20,41.6
19,21,44
19,22,48
19,23,50.4
19,24,47.2
19,25,48.8
19,26,53.6
19,27,57.6
19,28,57.6
19,29,60
19,30,61.6
19,31,58.4
19,32,66.4
19,33,60.8
19,34,64
19,35,70.4
19,36,66.4
19,37,71.2
19,38,72
19,39,72
19,40,71.2
19,5,45.6
19,6,47.2
19,7,44
19,8,43.2
19,9,42.4
19,10,46.4
19,11,43.2
19,12,45.6
19,13,48
19,14,45.6
19,15,44
19,16,46.4
19,17,43.2
19,18,43.2
19,19,44
19,20,43.2
19,21,48
19,22,44
19,23,44.8
19,24,53.6
19,25,56
19,26,55.2
19,27,55.2
19,28,56.8
19,29,60
19,30,63.2
19,31,58.4
19,32,62.4
19,33,68.8
19,34,66.4
19,35,68
19,36,70.4
19,37,68.8
19,38,70.4
19,39,71.2
19,40,72
19,5,41.6
19,6,44.8
19,7,42.4
19,8,43.2
19,9,46.4
19,10,44
19,11,45.6
19,12,41.6
19,13,40.8
19,14,42.4
19,15,41.6
19,16,48
19,17,44.8
19,18,44
19,19,48
19,20,42.4
19,21,49.6
19,22,43.2
19,23,47.2
19,24,52.8
19,25,56
19,26,56.8
19,27,53.6
19,28,56
19,29,62.4
19,30,56.8
19,31,64
19,32,66.4
19,33,61.6
19,34,70.4
19,35,65.6
19,36,70.4
19,37,68
19,38,72.8
19,39,73.6
19,40,70.4
19,5,43.2
19,6,44
19,7,48
19,8,46.4
19,9,41.6
19,10,45.6
19,11,47.2
19,12,41.6
19,13,46.4
19,14,42.4
19,15,40
19,16,47.2
19,17,45.6
19,18,44
19,19,42.4
19,20,40.8
19,21,42.4
19,22,44
19,23,46.4
19,24,51.2
19,25,50.4
19,26,52.8
19,27,56.8
19,28,60
19,29,59.2
19,30,59.2
19,31,61.6
19,32,67.2
19,33,68
19,34,63.2
19,35,72
19,36,71.2
19,37,72
19,38,68.8
19,39,71.2
19,40,72.8
19,5,48
19,6,47.2
19,7,46.4
19,8,42.4
19,9,40
19,10,47.2
19,11,40.8
19,12,41.6
19,13,42.4
19,14,43.2
19,15,46.4
19,16,47.2
19,17,43.2
19,18,44
19,19,46.4
19,20,44.8
19,21,44
19,22,47.2
19,23,50.4
19,24,50.4
19,25,50.4
19,26,54.4
19,27,58.4
19,28,54.4
19,29,56.8
19,30,56
19,31,60.8
19,32,64.8
19,33,64
19,34,65.6
19,35,68
19,36,71.2
19,37,70.4
19,38,72
19,39,71.2
19,40,70.4
19,5,44.8
19,6,42.4
19,7,47.2
19,8,42.4
19,9,44
19,10,41.6
19,11,44.8
19,12,42.4
19,13,47.2
19,14,40.8
19,15,40
19,16,43.2
19,17,44
19,18,44.8
19,19,45.6
19,20,40
19,21,48.8
19,22,44
19,23,49.6
19,24,52.8
19,25,49.6
19,26,55.2
19,27,56
19,28,60
19,29,56.8
19,30,59.2
19,31,60.8
19,32,63.2
19,33,63.2
19,34,69.6
19,35,64.8
19,36,65.6
19,37,72.8
19,38,71.2
19,39,72
19,40,70.4
19,5,40.8
19,6,44.8
19,7,45.6
19,8,40
19,9,42.4
19,10,41.6
19,11,40
19,12,48
19,13,42.4
19,14,42.4
19,15,46.4
19,16,46.4
19,17,45.6
19,18,44.8
19,19,44
19,20,40.8
19,21,44
19,22,45.6
19,23,48.8
19,24,52
19,25,56
19,26,50.4
19,27,59.2
19,28,55.2
19,29,56.8
19,30,60
19,31,64
19,32,60.8
19,33,68.8
19,34,63.2
19,35,68.8
19,36,67.2
19,37,72
19,38,68.8
19,39,73.6
19,40,71.2
19,5,41.6
19,6,41.6
19,7,43.2
19,8,42.4
19,9,48
19,10,48
19,11,42.4
19,12,47.2
19,13,41.6
19,14,47.2
19,15,48
19,16,44.8
19,17,40.8
19,18,42.4
19,19,44
19,20,42.4
19,21,44
19,22,51.2
19,23,46.4
19,24,48
19,25,52
19,26,54.4
19,27,52
19,28,60
19,29,57.6
19,30,63.2
19,31,58.4
19,32,61.6
19,33,68.8
19,34,68
19,35,64
19,36,69.6
19,37,71.2
19,38,72
19,39,72
19,40,72.8
19,5,44.8
19,6,41.6
19,7,44.8
19,8,46.4
19,9,46.4
19,10,46.4
19,11,48
19,12,42.4
19,13,43.2
19,14,44.8
19,15,48
19,16,40
19,17,42.4
19,18,47.2
19,19,44.8
19,20,41.6
19,21,47.2
19,22,44
19,23,50.4
19,24,49.6
19,25,49.6
19,26,56
19,27,56.8
19,28,60
19,29,56
19,30,63.2
19,31,61.6
19,32,60
19,33,68.8
19,34,64.8
19,35,64
19,36,69.6
19,37,67.2
19,38,69.6
19,39,70.4
19,40,73.6
19,5,40
19,6,47.2
19,7,43.2
19,8,46.4
19,9,42.4
19,10,41.6
19,11,41.6
19,12,40.8
19,13,40.8
19,14,47.2
19,15,43.2
19,16,44.8
19,17,46.4
19,18,43.2
19,19,43.2
19,20,41.6
19,21,44
19,22,44
19,23,45.6
19,24,50.4
19,25,52
19,26,53.6
19,27,54.4
19,28,54.4
19,29,56
19,30,64
19,31,62.4
19,32,64
19,33,60.8
19,34,65.6
19,35,72
19,36,71.2
19,37,72.8
19,38,69.6
19,39,72
19,40,72.8
20,5,45.05
20,6,44.2
20,7,48.45
20,8,49.3
20,9,42.5
20,10,48.45
20,11,42.5
20,12,45.05
20,13,49.3
20,14,46.75
20,15,51
20,16,51
20,17,42.5
20,18,45.05
20,19,49.3
20,20,48.45
20,21,46.75
20,22,51
20,23,51
20,24,57.8
20,25,58.65
20,26,55.25
20,27,56.1
20,28,57.8
20,29,59.5
20,30,62.9
20,31,62.9
20,32,65.45
20,33,72.25
20,34,74.8
20,35,68.85
20,36,72.25
20,37,77.35
20,38,78.2
20,39,76.5
20,40,76.5
20,5,45.05
20,6,51
20,7,50.15
20,8,45.9
20,9,45.05
20,10,49.3
20,11,50.15
20,12,49.3
20,13,46.75
20,14,45.9
20,15,51
20,16,47.6
20,17,47.6
20,18,43.35
20,19,47.6
20,20,50.15
20,21,51
20,22,49.3
20,23,48.45
20,24,52.7
20,25,57.8
20,26,54.4
20,27,55.25
20,28,63.75
20,29,62.9
20,30,60.35
20,31,69.7
20,32,68.85
20,33,65.45
20,34,68.85
20,35,74.8
20,36,75.65
20,37,71.4
20,38,76.5
20,39,73.95
20,40,74.8
20,5,45.05
20,6,50.15
20,7,45.05
20,8,43.35
20,9,51
20,10,48.45
20,11,45.9
20,12,44.2
20,13,49.3
20,14,45.05
20,15,44.2
20,16,49.3
20,17,49.3
20,18,47.6
20,19,51
20,20,49.3
20,21,44.2
20,22,47.6
20,23,56.1
20,24,57.8
20,25,51.85
20,26,57.8
20,27,62.05
20,28,62.9
20,29,62.9
20,30,67.15
20,31,67.15
20,32,64.6
20,33,72.25
20,34,71.4
20,35,68.85
20,36,72.25
20,37,78.2
20,38,74.8
20,39,76.5
20,40,74.8
20,5,48.45
20,6,42.5
20,7,43.35
20,8,45.9
20,9,46.75
20,10,49.3
20,11,45.05
20,12,43.35
20,13,45.05
20,14,47.6
20,15,43.35
20,16,49.3
20,17,47.6
20,18,44.2
20,19,46.75
20,20,50.15
20,21,48.45
20,22,50.15
20,23,48.45
20,24,57.8
20,25,56.95
20,26,60.35
20,27,56.95
20,28,63.75
20,29,59.5
20,30,64.6
20,31,63.75
20,32,65.45
20,33,71.4
20,34,68.85
20,35,74.8
20,36,73.95
20,37,76.5
20,38,77.35
20,39,77.35
20,40,79.9
20,5,50.15
20,6,45.05
20,7,50.15
20,8,50.15
20,9,46.75
20,10,45.05
20,11,51
20,12,42.5
20,13,42.5
20,14,44.2
20,15,42.5
20,16,44.2
20,17,43.35
20,18,47.6
20,19,48.45
20,20,46.75
20,21,51.85
20,22,54.4
20,23,51.85
20,24,56.95
20,25,53.55
20,26,60.35
20,27,58.65
20,28,59.5
20,29,59.5
20,30,65.45
20,31,66.3
20,32,65.45
20,33,73.1
20,34,71.4
20,35,71.4
20,36,76.5
20,37,78.2
20,38,74.8
20,39,73.95
20,40,79.05
20,5,44.2
20,6,46.75
20,7,48.45
20,8,42.5
20,9,43.35
20,10,51
20,11,45.9
20,12,46.75
20,13,46.75
20,14,45.05
20,15,49.3
20,16,44.2
20,17,49.3
20,18,49.3
20,19,49.3
20,20,46.75
20,21,47.6
20,22,54.4
20,23,51.85
20,24,52.7
20,25,58.65
20,26,59.5
20,27,55.25
20,28,61.2
20,29,63.75
20,30,66.3
20,31,68.85
20,32,69.7
20,33,72.25
20,34,72.25
20,35,71.4
20,36,76.5
20,37,76.5
20,38,76.5
20,39,78.2
20,40,77.35
20,5,45.9
20,6,46.75
20,7,51
20,8,50.15
20,9,44.2
20,10,46.75
20,11,44.2
20,12,45.9
20,13,42.5
20,14,47.6
20,15,51
20,16,50.15
20,17,45.9
20,18,45.05
20,19,47.6
20,20,45.05
20,21,51.85
20,22,54.4
20,23,50.15
20,24,51
20,25,56.1
20,26,53.55
20,27,55.25
20,28,63.75
20,29,62.05
20,30,64.6
20,31,64.6
20,32,70.55
20,33,64.6
20,34,74.8
20,35,74.8
20,36,75.65
20,37,73.95
20,38,73.1
20,39,76.5
20,40,74.8
20,5,44.2
20,6,49.3
20,7,49.3
20,8,44.2
20,9,48.45
20,10,46.75
20,11,45.05
20,12,49.3
20,13,43.35
20,14,45.05
20,15,45.05
20,16,42.5
20,17,48.45
20,18,46.75
20,19,45.05
20,20,45.9
20,21,50.15
20,22,45.9
20,23,54.4
20,24,53.55
20,25,56.95
20,26,56.95
20,27,57.8
20,28,63.75
20,29,60.35
20,30,68
20,31,62.05
20,32,68.85
20,33,65.45
20,34,72.25
20,35,69.7
20,36,70.55
20,37,78.2
20,38,73.95
20,39,75.65
20,40,79.9
20,5,43.35
20,6,45.05
20,7,44.2
20,8,47.6
20,9,45.9
20,10,45.9
20,11,45.9
20,12,50.15
20,13,45.05
20,14,45.9
20,15,48.45
20,16,45.05
20,17,48.45
20,18,45.9
20,19,44.2
20,20,45.9
20,21,47.6
20,22,54.4
20,23,49.3
20,24,51.85
20,25,59.5
20,26,59.5
20,27,59.5
20,28,58.65
20,29,59.5
20,30,60.35
20,31,69.7
20,32,71.4
20,33,64.6
20,34,67.15
20,35,73.95
20,36,73.95
20,37,78.2
20,38,74.8
20,39,75.65
20,40,75.65
20,5,48.45
20,6,50.15
20,7,45.9
20,8,43.35
20,9,45.9
20,10,45.05
20,11,51
20,12,48.45
20,13,51
20,14,50.15
20,15,47.6
20,16,48.45
20,17,45.05
20,18,46.75
20,19,48.45
20,20,45.9
20,21,49.3
20,22,51.85
20,23,55.25
20,24,54.4
20,25,58.65
20,26,57.8
20,27,58.65
20,28,64.6
20,29,64.6
20,30,59.5
20,31,63.75
20,32,68.85
20,33,70.55
20,34,71.4
20,35,69.7
20,36,73.95
20,37,78.2
20,38,75.65
20,39,78.2
20,40,78.2
21,5,47.2
21,6,48
21,7,46.4
21,8,48
21,9,44.8
21,10,43.2
21,11,41.6
21,12,46.4
21,13,44
21,14,40
21,15,40
21,16,48
21,17,42.4
21,18,45.6
21,19,46.4
21,20,40.8
21,21,43.2
21,22,50.4
21,23,52
21,24,46.4
21,25,54.4
21,26,57.6
21,27,53.6
21,28,56
21,29,59.2
21,30,63.2
21,31,60
21,32,64
21,33,68.8
21,34,63.2
21,35,67.2
21,36,67.2
21,37,67.2
21,38,73.6
21,39,71.2
21,40,72
21,5,44.8
21,6,44
21,7,47.2
21,8,42.4
21,9,43.2
21,10,44
21,11,47.2
21,12,47.2
21,13,47.2
21,14,42.4
21,15,41.6
21,16,40
21,17,47.2
21,18,40
21,19,44.8
21,20,42.4
21,21,48
21,22,46.4
21,23,48.8
21,24,53.6
21,25,49.6
21,26,54.4
21,27,59.2
21,28,57.6
21,29,57.6
21,30,57.6
21,31,60.8
21,32,64
21,33,68
21,34,68
21,35,66.4
21,36,68.8
21,37,73.6
21,38,71.2
21,39,74.4
21,40,74.4
21,5,46.4
21,6,43.2
21,7,45.6
21,8,48
21,9,40
21,10,42.4
21,11,40
21,12,45.6
21,13,42.4
21,14,48
21,15,43.2
21,16,44.8
21,17,44.8
21,18,44
21,19,48
21,20,44.8
21,21,48
21,22,50.4
21,23,50.4
21,24,49.6
21,25,48
21,26,56
21,27,58.4
21,28,59.2
21,29,56
21,30,56.8
21,31,63.2
21,32,64
21,33,68.8
21,34,65.6
21,35,72
21,36,67.2
21,37,69.6
21,38,72
21,39,71.2
21,40,72.8
21,5,43.2
21,6,47.2
21,7,42.4
21,8,45.6
21,9,44
21,10,44
21,11,47.2
21,12,40.8
21,13,41.6
21,14,44
21,15,43.2
21,16,40
21,17,40
21,18,40
21,19,41.6
21,20,47.2
21,21,44
21,22,45.6
21,23,52.8
21,24,47.2
21,25,51.2
21,26,55.2
21,27,51.2
21,28,56.8
21,29,56.8
21,30,63.2
21,31,60.8
21,32,60
21,33,67.2
21,34,70.4
21,35,69.6
21,36,71.2
21,37,72
21,38,72.8
21,39,71.2
21,40,74.4
21,5,47.2
21,6,47.2
21,7,44.8
21,8,40
21,9,44
21,10,40.8
21,11,44.8
21,12,45.6
21,13,46.4
21,14,43.2
21,15,47.2
21,16,40
21,17,44.8
21,18,47.2
21,19,44.8
21,20,47.2
21,21,45.6
21,22,45.6
21,23,49.6
21,24,52.8
21,25,56
21,26,53.6
21,27,58.4
21,28,60
21,29,56.8
21,30,58.4
21,31,57.6
21,32,60
21,33,61.6
21,34,68
21,35,70.4
21,36,68
21,37,73.6
21,38,73.6
21,39,70.4
21,40,73.6
21,5,44
21,6,40.8
21,7,48
21,8,46.4
21,9,40.8
21,10,47.2
21,11,44.8
21,12,46.4
21,13,48
21,14,43.2
21,15,45.6
21,16,47.2
21,17,43.2
21,18,46.4
21,19,44
21,20,48
21,21,49.6
21,22,43.2
21,23,45.6
21,24,51.2
21,25,49.6
21,26,55.2
21,27,57.6
21,28,52.8
21,29,57.6
21,30,57.6
21,31,65.6
21,32,60.8
21,33,68
21,34,68.8
21,35,71.2
21,36,71.2
21,37,72
21,38,73.6
21,39,71.2
21,40,75.2
21,5,41.6
21,6,42.4
21,7,43.2
21,8,46.4
21,9,43.2
21,10,45.6
21,11,46.4
21,12,46.4
21,13,45.6
21,14,44
21,15,46.4
21,16,42.4
21,17,43.2
21,18,48
21,19,48
21,20,42.4
21,21,42.4
21,22,50.4
21,23,48.8
21,24,54.4
21,25,53.6
21,26,57.6
21,27,54.4
21,28,58.4
21,29,57.6
21,30,57.6
21,31,60
21,32,63.2
21,33,68.8
21,34,64.8
21,35,68.8
21,36,71.2
21,37,72
21,38,72.8
21,39,72
21,40,71.2
21,5,40.8
21,6,44
21,7,46.4
21,8,43.2
21,9,41.6
21,10,40.8
21,11,42.4
21,12,40.8
21,13,48
21,14,47.2
21,15,47.2
21,16,41.6
21,17,40
21,18,43.2
21,19,46.4
21,20,47.2
21,21,46.4
21,22,49.6
21,23,48.8
21,24,51.2
21,25,48
21,26,51.2
21,27,52.8
21,28,56
21,29,60.8
21,30,56
21,31,64
21,32,60.8
21,33,66.4
21,34,63.2
21,35,69.6
21,36,69.6
21,37,68
21,38,69.6
21,39,72
21,40,75.2
21,5,43.2
21,6,44.8
21,7,40
21,8,44
21,9,44.8
21,10,47.2
21,11,40.8
21,12,43.2
21,13,46.4
21,14,44.8
21,15,44
21,16,40
21,17,44
21,18,41.6
21,19,46.4
21,20,44.8
21,21,47.2
21,22,44
21,23,50.4
21,24,49.6
21,25,52.8
21,26,52.8
21,27,58.4
21,28,58.4
21,29,62.4
21,30,56
21,31,65.6
21,32,62.4
21,33,68
21,34,64
21,35,68.8
21,36,67.2
21,37,73.6
21,38,72.8
21,39,74.4
21,40,72.8
21,5,45.6
21,6,43.2
21,7,43.2
21,8,45.6
21,9,44
21,10,40
21,11,45.6
21,12,40
21,13,44
21,14,42.4
21,15,42.4
21,16,46.4
21,17,48
21,18,48
21,19,40.8
21,20,42.4
21,21,48
21,22,51.2
21,23,48.8
21,24,47.2
21,25,48
21,26,56.8
21,27,52.8
21,28,60
21,29,62.4
21,30,63.2
21,31,59.2
21,32,64
21,33,64
21,34,64
21,35,71.2
21,36,70.4
21,37,70.4
21,38,73.6
21,39,69.6
21,40,75.2
22,5,39
22,6,42
22,7,40.5
22,8,44.25
22,9,42.75
22,10,45
22,11,43.5
22,12,39.75
22,13,42
22,14,39
22,15,44.25
22,16,43.5
22,17,39
22,18,43.5
22,19,41.25
22,20,42
22,21,39.75
22,22,44.25
22,23,45.75
22,24,43.5
22,25,51
22,26,51.75
22,27,48
22,28,50.25
22,29,51
22,30,57.75
22,31,54.75
22,32,60.75
22,33,63
22,34,64.5
22,35,60.75
22,36,63
22,37,67.5
22,38,66
22,39,66.75
22,40,69
22,5,39
22,6,43.5
22,7,44.25
22,8,44.25
22,9,39.75
22,10,39.75
22,11,39.75
22,12,44.25
22,13,39
22,14,37.5
22,15,37.5
22,16,42.75
22,17,44.25
22,18,42
22,19,44.25
22,20,39
22,21,39.75
22,22,43.5
22,23,45
22,24,48
22,25,50.25
22,26,47.25
22,27,51
22,28,53.25
22,29,57
22,30,57
22,31,54.75
22,32,57.75
22,33,57.75
22,34,64.5
22,35,67.5
22,36,66.75
22,37,69
22,38,65.25
22,39,66.75
22,40,66.75
22,5,45
22,6,39
22,7,42.75
22,8,45
22,9,39.75
22,10,37.5
22,11,44.25
22,12,42.75
22,13,38.25
22,14,44.25
22,15,39
22,16,40.5
22,17,44.25
22,18,37.5
22,19,44.25
22,20,38.25
22,21,42.75
22,22,42
22,23,46.5
22,24,48.75
22,25,45.75
22,26,46.5
22,27,50.25
22,28,51.75
22,29,57
22,30,53.25
22,31,56.25
22,32,62.25
22,33,59.25
22,34,64.5
22,35,64.5
22,36,63.75
22,37,68.25
22,38,68.25
22,39,66
22,40,66.75
22,5,44.25
22,6,44.25
22,7,44.25
22,8,41.25
22,9,38.25
22,10,42
22,11,40.5
22,12,37.5
22,13,41.25
22,14,38.25
22,15,38.25
22,16,41.25
22,17,44.25
22,18,41.25
22,19,43.5
22,20,38.25
22,21,45.75
22,22,44.25
22,23,46.5
22,24,49.5
22,25,52.5
22,26,54
22,27,48
22,28,52.5
22,29,51.75
22,30,57
22,31,54
22,32,62.25
22,33,60.75
22,34,66
22,35,66.75
22,36,63.75
22,37,67.5
22,38,64.5
22,39,66
22,40,68.25
22,5,42.75
22,6,39
22,7,39
22,8,42.75
22,9,37.5
22,10,39
22,11,43.5
22,12,38.25
22,13,39.75
22,14,42
22,15,43.5
22,16,44.25
22,17,45
22,18,39.75
22,19,40.5
22,20,38.25
22,21,45.75
22,22,44.25
22,23,49.5
22,24,48
22,25,45.75
22,26,54
22,27,49.5
22,28,57
22,29,56.25
22,30,57
22,31,60.75
22,32,56.25
22,33,58.5
22,34,61.5
22,35,65.25
22,36,61.5
22,37,67.5
22,38,64.5
22,39,69
22,40,66
22,5,41.25
22,6,42
22,7,38.25
22,8,40.5
22,9,39
22,10,42
22,11,44.25
22,12,37.5
22,13,44.25
22,14,44.25
22,15,39
22,16,37.5
22,17,40.5
22,18,40.5
22,19,43.5
22,20,44.25
22,21,45
22,22,45.75
22,23,42
22,24,44.25
22,25,50.25
22,26,52.5
22,27,50.25
22,28,51
22,29,52.5
22,30,55.5
22,31,57.75
22,32,57.75
22,33,58.5
22,34,62.25
22,35,66
22,36,67.5
22,37,63.75
22,38,68.25
22,39,66.75
22,40,70.5
22,5,45
22,6,43.5
22,7,39.75
22,8,43.5
22,9,44.25
22,10,42
22,11,40.5
22,12,42
22,13,42.75
22,14,43.5
22,15,41.25
22,16,41.25
22,17,39
22,18,42
22,19,37.5
22,20,44.25
22,21,39.75
22,22,42.75
22,23,48
22,24,49.5
22,25,45
22,26,48.75
22,27,51.75
22,28,50.25
22,29,51.75
22,30,54
22,31,56.25
22,32,56.25
22,33,57.75
22,34,64.5
22,35,66
22,36,63
22,37,68.25
22,38,65.25
22,39,67.5
22,40,70.5
22,5,38.25
22,6,45
22,7,38.25
22,8,39
22,9,42.75
22,10,43.5
22,11,40.5
22,12,43.5
22,13,38.25
22,14,42.75
22,15,41.25
22,16,39
22,17,45
22,18,43.5
22,19,39.75
22,20,45
22,21,41.25
22,22,45
22,23,42
22,24,45
22,25,45.75
22,26,48
22,27,49.5
22,28,54.75
22,29,54.75
22,30,58.5
22,31,60
22,32,55.5
22,33,63
22,34,62.25
22,35,64.5
22,36,63
22,37,69
22,38,67.5
22,39,69.75
22,40,69.75
22,5,39.75
22,6,39
22,7,39
22,8,44.25
22,9,45
22,10,41.25
22,11,37.5
22,12,42.75
22,13,43.5
22,14,39
22,15,39
22,16,45
22,17,45
22,18,40.5
22,19,42
22,20,41.25
22,21,42
22,22,41.25
22,23,48.75
22,24,45
22,25,46.5
22,26,48
22,27,54
22,28,51
22,29,57
22,30,57
22,31,56.25
22,32,59.25
22,33,60
22,34,60.75
22,35,62.25
22,36,67.5
22,37,63.75
22,38,67.5
22,39,69.75
22,40,66.75
22,5,39
22,6,41.25
22,7,42.75
22,8,44.25
22,9,45
22,10,40.5
22,11,37.5
22,12,42.75
22,13,41.25
22,14,38.25
22,15,39
22,16,38.25
22,17,40.5
22,18,41.25
22,19,39
22,20,44.25
22,21,46.5
22,22,45.75
22,23,47.25
22,24,43.5
22,25,48.75
22,26,52.5
22,27,51
22,28,56.25
22,29,53.25
22,30,54
22,31,55.5
22,32,61.5
22,33,57
22,34,59.25
22,35,61.5
22,36,66.75
22,37,63
22,38,67.5
22,39,69
22,40,70.5
23,5,32.4
23,6,32.4
23,7,30
23,8,33.6
23,9,33.6
23,10,34.8
23,11,34.2
23,12,32.4
23,13,31.8
23,14,35.4
23,15,31.2
23,16,30
23,17,34.2
23,18,32.4
23,19,34.8
23,20,35.4
23,21,32.4
23,22,35.4
23,23,36.6
23,24,40.8
23,25,36
23,26,38.4
23,27,44.4
23,28,44.4
23,29,40.8
23,30,46.8
23,31,44.4
23,32,45.6
23,33,51.6
23,34,48
23,35,51
23,36,54
23,37,52.2
23,38,51.6
23,39,54
23,40,55.8
23,5,30.6
23,6,35.4
23,7,34.8
23,8,34.8
23,9,31.8
23,10,35.4
23,11,36
23,12,30.6
23,13,34.8
23,14,35.4
23,15,36
23,16,30.6
23,17,36
23,18,34.8
23,19,31.2
23,20,34.2
23,21,35.4
23,22,37.8
23,23,36.6
23,24,39
23,25,39
23,26,38.4
23,27,39
23,28,40.2
23,29,42
23,30,45
23,31,44.4
23,32,47.4
23,33,49.8
23,34,50.4
23,35,50.4
23,36,53.4
23,37,50.4
23,38,53.4
23,39,55.8
23,40,55.8
23,5,30.6
23,6,33.6
23,7,30
23,8,32.4
23,9,34.8
23,10,30
23,11,33.6
23,12,36
23,13,32.4
23,14,33
23,15,34.8
23,16,33.6
23,17,36
23,18,33.6
23,19,34.2
23,20,33
23,21,36
23,22,37.2
23,23,36.6
23,24,37.2
23,25,36
23,26,39
23,27,40.8
23,28,44.4
23,29,40.8
23,30,42.6
23,31,45
23,32,48
23,33,48
23,34,49.2
23,35,52.2
23,36,52.2
23,37,53.4
23,38,54
23,39,52.8
23,40,54.6
23,5,36
23,6,30
23,7,31.2
23,8,33.6
23,9,30.6
23,10,33
23,11,33.6
23,12,31.2
23,13,32.4
23,14,30
23,15,30
23,16,30.6
23,17,32.4
23,18,32.4
23,19,30
23,20,35.4
23,21,32.4
23,22,33
23,23,37.8
23,24,36
23,25,42
23,26,37.2
23,27,42.6
23,28,41.4
23,29,45.6
23,30,45
23,31,48.6
23,32,47.4
23,33,46.2
23,34,52.8
23,35,49.8
23,36,49.8
23,37,54
23,38,53.4
23,39,54.6
23,40,56.4
23,5,35.4
23,6,31.2
23,7,34.8
23,8,34.8
23,9,31.2
23,10,31.2
23,11,30
23,12,35.4
23,13,36
23,14,31.8
23,15,35.4
23,16,32.4
23,17,34.8
23,18,33
23,19,35.4
23,20,30
23,21,36.6
23,22,33
23,23,39
23,24,36
23,25,42
23,26,40.2
23,27,40.8
23,28,39.6
23,29,45.6
23,30,43.2
23,31,45
23,32,48.6
23,33,48.6
23,34,48.6
23,35,51.6
23,36,49.2
23,37,52.8
23,38,54
23,39,52.2
23,40,52.8
23,5,32.4
23,6,30.6
23,7,36
23,8,35.4
23,9,35.4
23,10,30
23,11,30.6
23,12,33
23,13,33.6
23,14,30.6
23,15,33.6
23,16,36
23,17,30.6
23,18,33.6
23,19,31.8
23,20,34.8
23,21,31.8
23,22,33.6
23,23,38.4
23,24,39.6
23,25,38.4
23,26,40.8
23,27,42.6
23,28,40.2
23,29,46.2
23,30,43.2
23,31,46.8
23,32,44.4
23,33,50.4
23,34,51.6
23,35,51.6
23,36,52.8
23,37,51.6
23,38,54.6
23,39,55.8
23,40,55.2
23,5,30
23,6,30
23,7,31.2
23,8,30
23,9,35.4
23,10,33.6
23,11,31.8
23,12,35.4
23,13,32.4
23,14,35.4
23,15,35.4
23,16,33
23,17,31.2
23,18,33.6
23,19,34.8
23,20,36
23,21,37.2
23,22,37.8
23,23,34.2
23,24,34.8
23,25,37.8
23,26,37.2
23,27,39
23,28,43.2
23,29,43.2
23,30,43.8
23,31,49.2
23,32,48.6
23,33,49.8
23,34,50.4
23,35,49.2
23,36,49.8
23,37,54
23,38,53.4
23,39,52.8
23,40,55.2
23,5,30
23,6,30
23,7,36
23,8,34.8
23,9,30
23,10,34.8
23,11,30.6
23,12,33.6
23,13,33
23,14,34.2
23,15,33
23,16,33.6
23,17,33
23,18,30
23,19,31.8
23,20,33.6
23,21,35.4
23,22,35.4
23,23,37.8
23,24,40.8
23,25,40.2
23,26,37.2
23,27,40.2
23,28,42
23,29,42.6
23,30,43.8
23,31,47.4
23,32,47.4
23,33,47.4
23,34,49.2
23,35,54
23,36,49.8
23,37,51.6
23,38,54
23,39,53.4
23,40,55.2
23,5,35.4
23,6,32.4
23,7,30.6
23,8,34.8
23,9,34.2
23,10,31.2
23,11,33.6
23,12,36
23,13,35.4
23,14,35.4
23,15,31.2
23,16,34.8
23,17,31.2
23,18,32.4
23,19,31.2
23,20,31.2
23,21,33.6
23,22,38.4
23,23,36.6
23,24,36.6
23,25,42
23,26,43.2
23,27,42
23,28,45.6
23,29,43.2
23,30,43.8
23,31,46.2
23,32,50.4
23,33,46.2
23,34,49.2
23,35,52.8
23,36,50.4
23,37,54
23,38,54
23,39,54.6
23,40,52.8
23,5,36
23,6,32.4
23,7,31.8
23,8,31.8
23,9,31.8
23,10,31.2
23,11,35.4
23,12,33
23,13,34.8
23,14,34.8
23,15,33
23,16,31.2
23,17,30
23,18,31.8
23,19,34.8
23,20,30
23,21,34.8
23,22,37.2
23,23,39
23,24,40.2
23,25,39.6
23,26,39
23,27,40.8
23,28,40.2
23,29,45
23,30,43.8
23,31,48.6
23,32,47.4
23,33,51.6
23,34,51.6
23,35,50.4
23,36,54
23,37,50.4
23,38,51.6
23,39,55.2
23,40,52.8
24,5,20
24,6,24
24,7,21.6
24,8,23.6
24,9,23.2
24,10,20.8
24,11,21.2
24,12,20.8
24,13,22.4
24,14,22
24,15,20
24,16,20.8
24,17,24
24,18,22
24,19,20
24,20,21.2
24,21,22.4
24,22,21.6
24,23,25.6
24,24,23.6
24,25,27.6
24,26,25.2
24,27,27.6
24,28,30
24,29,29.2
24,30,29.6
24,31,32.4
24,32,32.4
24,33,33.6
24,34,31.2
24,35,33.2
24,36,34
24,37,35.6
24,38,34.4
24,39,36.4
24,40,36.4
24,5,23.6
24,6,23.2
24,7,24
24,8,24
24,9,20.4
24,10,24
24,11,20.4
24,12,20.8
24,13,21.2
24,14,22.8
24,15,22
24,16,22
24,17,22.8
24,18,22.4
24,19,21.2
24,20,23.2
24,21,22.8
24,22,22
24,23,24.8
24,24,26.4
24,25,24.4
24,26,26.8
24,27,29.6
24,28,28
24,29,28.4
24,30,28.8
24,31,30.8
24,32,31.2
24,33,33.6
24,34,34.8
24,35,34
24,36,33.2
24,37,35.2
24,38,36.4
24,39,34.8
24,40,35.6
24,5,22.8
24,6,22.4
24,7,22
24,8,24
24,9,20.8
24,10,21.2
24,11,23.2
24,12,23.6
24,13,23.6
24,14,23.2
24,15,23.2
24,16,20
24,17,21.6
24,18,22.4
24,19,23.6
24,20,22.8
24,21,20.8
24,22,25.2
24,23,23.2
24,24,23.6
24,25,27.2
24,26,24.8
24,27,29.6
24,28,26.4
24,29,27.6
24,30,28.4
24,31,28.8
24,32,33.2
24,33,30.8
24,34,34.8
24,35,32.8
24,36,33.6
24,37,33.6
24,38,35.6
24,39,36.4
24,40,36
24,5,23.6
24,6,20.4
24,7,21.2
24,8,22.4
24,9,22.4
24,10,22
24,11,20.8
24,12,20.8
24,13,21.6
24,14,20.4
24,15,22
24,16,21.6
24,17,23.6
24,18,20.8
24,19,22
24,20,22.4
24,21,24
24,22,25.6
24,23,24
24,24,25.2
24,25,24.8
24,26,26.4
24,27,26
24,28,28
24,29,27.6
24,30,32
24,31,29.6
24,32,29.6
24,33,31.2
24,34,33.6
24,35,35.6
24,36,35.6
24,37,36.4
24,38,35.2
24,39,37.2
24,40,36.4
24,5,20.8
24,6,23.2
24,7,23.6
24,8,22
24,9,20
24,10,22.8
24,11,21.6
24,12,23.2
24,13,20
24,14,21.2
24,15,20
24,16,22.8
24,17,23.2
24,18,20.8
24,19,23.6
24,20,23.2
24,21,23.6
24,22,25.2
24,23,24
24,24,26.8
24,25,27.6
24,26,28.4
24,27,26
24,28,30
24,29,27.6
24,30,28
24,31,29.6
24,32,33.2
24,33,34.4
24,34,33.6
24,35,33.2
24,36,36
24,37,36.8
24,38,35.6
24,39,37.2
24,40,37.2
24,5,22
24,6,20.8
24,7,23.6
24,8,22.8
24,9,22.8
24,10,20.4
24,11,22.4
24,12,23.6
24,13,24
24,14,20.4
24,15,22
24,16,24
24,17,22
24,18,21.2
24,19,21.2
24,20,23.6
24,21,22
24,22,23.6
24,23,23.6
24,24,23.2
24,25,24.4
24,26,27.6
24,27,27.6
24,28,29.2
24,29,27.6
24,30,31.2
24,31,31.2
24,32,29.6
24,33,30.4
24,34,31.2
24,35,34.4
24,36,34.8
24,37,34.8
24,38,36.8
24,39,36.8
24,40,35.6
24,5,22
24,6,22.4
24,7,23.6
24,8,20.4
24,9,22.8
24,10,22.8
24,11,22
24,12,21.6
24,13,22
24,14,23.2
24,15,22.8
24,16,22
24,17,20.4
24,18,23.6
24,19,23.6
24,20,22
24,21,23.6
24,22,24
24,23,26
24,24,23.6
24,25,25.6
24,26,28
24,27,29.2
24,28,30.4
24,29,27.2
24,30,28.4
24,31,31.6
24,32,29.6
24,33,31.6
24,34,31.2
24,35,33.2
24,36,35.6
24,37,33.6
24,38,35.2
24,39,34.8
24,40,35.2
24,5,22.8
24,6,23.2
24,7,24
24,8,23.6
24,9,20
24,10,21.6
24,11,20
24,12,24
24,13,21.2
24,14,23.2
24,15,23.2
24,16,20.4
24,17,20
24,18,23.2
24,19,22.4
24,20,22
24,21,24
24,22,25.6
24,23,24.4
24,24,24.4
24,25,26.4
24,26,27.6
24,27,26.8
24,28,28.4
24,29,30
24,30,31.2
24,31,31.2
24,32,30
24,33,34.4
24,34,32
24,35,32
24,36,34.8
24,37,36.8
24,38,35.6
24,39,36.4
24,40,35.2
24,5,20.8
24,6,22
24,7,21.6
24,8,21.6
24,9,24
24,10,21.2
24,11,21.2
24,12,21.6
24,13,23.6
24,14,23.6
24,15,20
24,16,22
24,17,20.4
24,18,22
24,19,20.8
24,20,21.6
24,21,23.6
24,22,23.2
24,23,24.8
24,24,26.4
24,25,25.2
24,26,28.8
24,27,26
24,28,29.2
24,29,30
24,30,30.8
24,31,30.4
24,32,30
24,33,31.2
24,34,33.2
24,35,33.6
24,36,33.2
24,37,36.8
24,38,36.4
24,39,34.8
24,40,36
24,5,24
24,6,20.4
24,7,21.6
24,8,22
24,9,20.8
24,10,22
24,11,22.8
24,12,22.8
24,13,23.6
24,14,22
24,15,20.4
24,16,20.8
24,17,23.6
24,18,22.4
24,19,22.8
24,20,23.2
24,21,24.4
24,22,24.4
24,23,26
24,24,26
24,25,27.6
24,26,24.8
24,27,29.2
24,28,27.2
24,29,27.6
24,30,31.6
24,31,32.8
24,32,32.8
24,33,30.8
24,34,32.8
24,35,32.4
24,36,34.8
24,37,36.4
24,38,34.8
24,39,36.8
24,40,36.8